word1,n,date
coronavirus,53227,2020-02-16T00:00:00Z
china,13239,2020-02-16T00:00:00Z
covid19,8705,2020-02-16T00:00:00Z
wuhan,8640,2020-02-16T00:00:00Z
ship,6152,2020-02-16T00:00:00Z
cruise,5930,2020-02-16T00:00:00Z
people,5342,2020-02-16T00:00:00Z
chinese,5140,2020-02-16T00:00:00Z
virus,4629,2020-02-16T00:00:00Z
outbreak,4367,2020-02-16T00:00:00Z
,3177,2020-02-16T00:00:00Z
news,2992,2020-02-16T00:00:00Z
death,2961,2020-02-16T00:00:00Z
japan,2956,2020-02-16T00:00:00Z
chinas,2654,2020-02-16T00:00:00Z
health,2545,2020-02-16T00:00:00Z
world,2492,2020-02-16T00:00:00Z
spread,2435,2020-02-16T00:00:00Z
positive,2374,2020-02-16T00:00:00Z
infected,2242,2020-02-16T00:00:00Z
quarantine,2195,2020-02-16T00:00:00Z
government,2094,2020-02-16T00:00:00Z
americans,1986,2020-02-16T00:00:00Z
dont,1924,2020-02-16T00:00:00Z
quarantined,1886,2020-02-16T00:00:00Z
time,1663,2020-02-16T00:00:00Z
confirmed,1628,2020-02-16T00:00:00Z
global,1624,2020-02-16T00:00:00Z
lab,1563,2020-02-16T00:00:00Z
day,1448,2020-02-16T00:00:00Z
coronavirusoutbreak,1435,2020-02-16T00:00:00Z
hubei,1426,2020-02-16T00:00:00Z
american,1356,2020-02-16T00:00:00Z
deaths,1353,2020-02-16T00:00:00Z
stop,1328,2020-02-16T00:00:00Z
princess,1326,2020-02-16T00:00:00Z
passengers,1324,2020-02-16T00:00:00Z
diamond,1298,2020-02-16T00:00:00Z
im,1293,2020-02-16T00:00:00Z
test,1279,2020-02-16T00:00:00Z
home,1272,2020-02-16T00:00:00Z
disease,1197,2020-02-16T00:00:00Z
live,1197,2020-02-16T00:00:00Z
flu,1194,2020-02-16T00:00:00Z
epidemic,1190,2020-02-16T00:00:00Z
days,1171,2020-02-16T00:00:00Z
tested,1163,2020-02-16T00:00:00Z
due,1142,2020-02-16T00:00:00Z
tests,1130,2020-02-16T00:00:00Z
gt,1097,2020-02-16T00:00:00Z
pandemic,1092,2020-02-16T00:00:00Z
toll,1085,2020-02-16T00:00:00Z
patients,1067,2020-02-16T00:00:00Z
control,1057,2020-02-16T00:00:00Z
video,1040,2020-02-16T00:00:00Z
details,1036,2020-02-16T00:00:00Z
uk,1027,2020-02-16T00:00:00Z
2,1014,2020-02-16T00:00:00Z
reported,1005,2020-02-16T00:00:00Z
fears,1003,2020-02-16T00:00:00Z
market,984,2020-02-16T00:00:00Z
reports,977,2020-02-16T00:00:00Z
1,975,2020-02-16T00:00:00Z
2020,953,2020-02-16T00:00:00Z
taiwan,940,2020-02-16T00:00:00Z
times,935,2020-02-16T00:00:00Z
70,928,2020-02-16T00:00:00Z
xi,925,2020-02-16T00:00:00Z
medical,923,2020-02-16T00:00:00Z
updates,921,2020-02-16T00:00:00Z
update,914,2020-02-16T00:00:00Z
public,909,2020-02-16T00:00:00Z
fight,906,2020-02-16T00:00:00Z
corona,886,2020-02-16T00:00:00Z
weeks,877,2020-02-16T00:00:00Z
cdc,876,2020-02-16T00:00:00Z
woman,869,2020-02-16T00:00:00Z
infection,859,2020-02-16T00:00:00Z
sunday,852,2020-02-16T00:00:00Z
covid,849,2020-02-16T00:00:00Z
3,846,2020-02-16T00:00:00Z
countries,841,2020-02-16T00:00:00Z
start,837,2020-02-16T00:00:00Z
hospital,833,2020-02-16T00:00:00Z
doctors,809,2020-02-16T00:00:00Z
hong,804,2020-02-16T00:00:00Z
country,803,2020-02-16T00:00:00Z
total,800,2020-02-16T00:00:00Z
amid,798,2020-02-16T00:00:00Z
feb,797,2020-02-16T00:00:00Z
top,793,2020-02-16T00:00:00Z
confirms,778,2020-02-16T00:00:00Z
official,775,2020-02-16T00:00:00Z
passenger,775,2020-02-16T00:00:00Z
symptoms,774,2020-02-16T00:00:00Z
who,772,2020-02-16T00:00:00Z
stay,769,2020-02-16T00:00:00Z
travel,767,2020-02-16T00:00:00Z
masks,766,2020-02-16T00:00:00Z
economy,761,2020-02-16T00:00:00Z
citizens,760,2020-02-16T00:00:00Z
europe,756,2020-02-16T00:00:00Z
kong,752,2020-02-16T00:00:00Z
spreading,752,2020-02-16T00:00:00Z
couple,750,2020-02-16T00:00:00Z
heres,745,2020-02-16T00:00:00Z
crisis,736,2020-02-16T00:00:00Z
scientists,725,2020-02-16T00:00:00Z
deadly,722,2020-02-16T00:00:00Z
vaccine,721,2020-02-16T00:00:00Z
week,721,2020-02-16T00:00:00Z
evacuate,719,2020-02-16T00:00:00Z
france,716,2020-02-16T00:00:00Z
breaking,710,2020-02-16T00:00:00Z
4,708,2020-02-16T00:00:00Z
japanese,702,2020-02-16T00:00:00Z
truth,700,2020-02-16T00:00:00Z
355,690,2020-02-16T00:00:00Z
media,690,2020-02-16T00:00:00Z
malaysia,687,2020-02-16T00:00:00Z
read,684,2020-02-16T00:00:00Z
cotton,683,2020-02-16T00:00:00Z
laboratory,680,2020-02-16T00:00:00Z
covid2019,673,2020-02-16T00:00:00Z
doesnt,673,2020-02-16T00:00:00Z
drop,669,2020-02-16T00:00:00Z
students,665,2020-02-16T00:00:00Z
singapore,663,2020-02-16T00:00:00Z
city,656,2020-02-16T00:00:00Z
social,655,2020-02-16T00:00:00Z
15,651,2020-02-16T00:00:00Z
million,646,2020-02-16T00:00:00Z
coming,644,2020-02-16T00:00:00Z
province,642,2020-02-16T00:00:00Z
africa,634,2020-02-16T00:00:00Z
tom,633,2020-02-16T00:00:00Z
trump,623,2020-02-16T00:00:00Z
10,612,2020-02-16T00:00:00Z
impact,608,2020-02-16T00:00:00Z
infections,603,2020-02-16T00:00:00Z
2019ncov,602,2020-02-16T00:00:00Z
fear,601,2020-02-16T00:00:00Z
sars,599,2020-02-16T00:00:00Z
told,595,2020-02-16T00:00:00Z
officials,592,2020-02-16T00:00:00Z
cambodia,586,2020-02-16T00:00:00Z
bad,583,2020-02-16T00:00:00Z
real,583,2020-02-16T00:00:00Z
leave,570,2020-02-16T00:00:00Z
military,570,2020-02-16T00:00:00Z
died,566,2020-02-16T00:00:00Z
westerdam,559,2020-02-16T00:00:00Z
bbc,557,2020-02-16T00:00:00Z
risk,556,2020-02-16T00:00:00Z
hope,555,2020-02-16T00:00:00Z
spreads,551,2020-02-16T00:00:00Z
worse,549,2020-02-16T00:00:00Z
die,547,2020-02-16T00:00:00Z
asian,545,2020-02-16T00:00:00Z
national,545,2020-02-16T00:00:00Z
post,545,2020-02-16T00:00:00Z
research,542,2020-02-16T00:00:00Z
mask,541,2020-02-16T00:00:00Z
patient,534,2020-02-16T00:00:00Z
ccp,531,2020-02-16T00:00:00Z
india,528,2020-02-16T00:00:00Z
quarantines,525,2020-02-16T00:00:00Z
tourist,524,2020-02-16T00:00:00Z
aboard,518,2020-02-16T00:00:00Z
straight,517,2020-02-16T00:00:00Z
story,516,2020-02-16T00:00:00Z
watch,513,2020-02-16T00:00:00Z
population,507,2020-02-16T00:00:00Z
report,504,2020-02-16T00:00:00Z
announces,501,2020-02-16T00:00:00Z
bank,499,2020-02-16T00:00:00Z
business,498,2020-02-16T00:00:00Z
life,496,2020-02-16T00:00:00Z
york,496,2020-02-16T00:00:00Z
isnt,493,2020-02-16T00:00:00Z
16,485,2020-02-16T00:00:00Z
asia,485,2020-02-16T00:00:00Z
morning,483,2020-02-16T00:00:00Z
sick,483,2020-02-16T00:00:00Z
economic,480,2020-02-16T00:00:00Z
coronaviruschina,479,2020-02-16T00:00:00Z
protect,479,2020-02-16T00:00:00Z
hit,478,2020-02-16T00:00:00Z
information,478,2020-02-16T00:00:00Z
level,478,2020-02-16T00:00:00Z
february,469,2020-02-16T00:00:00Z
wuhancoronavirus,466,2020-02-16T00:00:00Z
beijing,465,2020-02-16T00:00:00Z
dr,462,2020-02-16T00:00:00Z
cure,461,2020-02-16T00:00:00Z
president,461,2020-02-16T00:00:00Z
board,460,2020-02-16T00:00:00Z
data,457,2020-02-16T00:00:00Z
originate,457,2020-02-16T00:00:00Z
situation,455,2020-02-16T00:00:00Z
care,454,2020-02-16T00:00:00Z
person,454,2020-02-16T00:00:00Z
response,454,2020-02-16T00:00:00Z
animal,451,2020-02-16T00:00:00Z
true,449,2020-02-16T00:00:00Z
warn,445,2020-02-16T00:00:00Z
human,444,2020-02-16T00:00:00Z
usa,443,2020-02-16T00:00:00Z
wont,443,2020-02-16T00:00:00Z
hawaii,442,2020-02-16T00:00:00Z
negative,442,2020-02-16T00:00:00Z
rate,436,2020-02-16T00:00:00Z
found,434,2020-02-16T00:00:00Z
god,434,2020-02-16T00:00:00Z
experts,430,2020-02-16T00:00:00Z
testing,430,2020-02-16T00:00:00Z
super,427,2020-02-16T00:00:00Z
food,426,2020-02-16T00:00:00Z
40,425,2020-02-16T00:00:00Z
dead,419,2020-02-16T00:00:00Z
tokyo,419,2020-02-16T00:00:00Z
cnn,418,2020-02-16T00:00:00Z
safe,418,2020-02-16T00:00:00Z
5,417,2020-02-16T00:00:00Z
millions,416,2020-02-16T00:00:00Z
mainland,415,2020-02-16T00:00:00Z
money,415,2020-02-16T00:00:00Z
notes,415,2020-02-16T00:00:00Z
workers,415,2020-02-16T00:00:00Z
ill,413,2020-02-16T00:00:00Z
minister,413,2020-02-16T00:00:00Z
america,412,2020-02-16T00:00:00Z
covid19news,409,2020-02-16T00:00:00Z
conspiracy,407,2020-02-16T00:00:00Z
heart,407,2020-02-16T00:00:00Z
diagnosed,404,2020-02-16T00:00:00Z
started,403,2020-02-16T00:00:00Z
measures,399,2020-02-16T00:00:00Z
realdonaldtrump,399,2020-02-16T00:00:00Z
south,398,2020-02-16T00:00:00Z
supply,398,2020-02-16T00:00:00Z
makes,395,2020-02-16T00:00:00Z
maostyle,394,2020-02-16T00:00:00Z
article,393,2020-02-16T00:00:00Z
evacuated,392,2020-02-16T00:00:00Z
daily,390,2020-02-16T00:00:00Z
didnt,390,2020-02-16T00:00:00Z
diamondprincess,389,2020-02-16T00:00:00Z
including,388,2020-02-16T00:00:00Z
left,387,2020-02-16T00:00:00Z
2019,386,2020-02-16T00:00:00Z
ive,386,2020-02-16T00:00:00Z
threat,385,2020-02-16T00:00:00Z
lockdown,383,2020-02-16T00:00:00Z
govt,382,2020-02-16T00:00:00Z
hedge,382,2020-02-16T00:00:00Z
20,380,2020-02-16T00:00:00Z
questions,379,2020-02-16T00:00:00Z
whats,378,2020-02-16T00:00:00Z
hiding,377,2020-02-16T00:00:00Z
suspected,376,2020-02-16T00:00:00Z
viruses,374,2020-02-16T00:00:00Z
communist,373,2020-02-16T00:00:00Z
evacuation,372,2020-02-16T00:00:00Z
survive,370,2020-02-16T00:00:00Z
sudden,369,2020-02-16T00:00:00Z
taking,369,2020-02-16T00:00:00Z
blankets,368,2020-02-16T00:00:00Z
plan,368,2020-02-16T00:00:00Z
reuters,368,2020-02-16T00:00:00Z
house,367,2020-02-16T00:00:00Z
free,366,2020-02-16T00:00:00Z
tame,365,2020-02-16T00:00:00Z
family,364,2020-02-16T00:00:00Z
panic,364,2020-02-16T00:00:00Z
14,363,2020-02-16T00:00:00Z
pneumonia,363,2020-02-16T00:00:00Z
united,362,2020-02-16T00:00:00Z
canada,361,2020-02-16T00:00:00Z
trust,360,2020-02-16T00:00:00Z
youre,360,2020-02-16T00:00:00Z
100,358,2020-02-16T00:00:00Z
recovered,357,2020-02-16T00:00:00Z
sarscov2,354,2020-02-16T00:00:00Z
international,349,2020-02-16T00:00:00Z
cash,348,2020-02-16T00:00:00Z
hospitals,346,2020-02-16T00:00:00Z
hundreds,346,2020-02-16T00:00:00Z
emergency,345,2020-02-16T00:00:00Z
kill,345,2020-02-16T00:00:00Z
air,344,2020-02-16T00:00:00Z
evacuees,344,2020-02-16T00:00:00Z
system,344,2020-02-16T00:00:00Z
reinfection,343,2020-02-16T00:00:00Z
support,343,2020-02-16T00:00:00Z
authorities,342,2020-02-16T00:00:00Z
causing,342,2020-02-16T00:00:00Z
covidãƒ¼19,341,2020-02-16T00:00:00Z
low,340,2020-02-16T00:00:00Z
trade,340,2020-02-16T00:00:00Z
love,334,2020-02-16T00:00:00Z
white,334,2020-02-16T00:00:00Z
miles,332,2020-02-16T00:00:00Z
sen,332,2020-02-16T00:00:00Z
theyre,332,2020-02-16T00:00:00Z
growth,331,2020-02-16T00:00:00Z
leader,329,2020-02-16T00:00:00Z
lot,329,2020-02-16T00:00:00Z
globally,328,2020-02-16T00:00:00Z
bats,326,2020-02-16T00:00:00Z
called,326,2020-02-16T00:00:00Z
conference,326,2020-02-16T00:00:00Z
killed,322,2020-02-16T00:00:00Z
hours,321,2020-02-16T00:00:00Z
warns,320,2020-02-16T00:00:00Z
affected,319,2020-02-16T00:00:00Z
docked,319,2020-02-16T00:00:00Z
fake,319,2020-02-16T00:00:00Z
hands,318,2020-02-16T00:00:00Z
source,318,2020-02-16T00:00:00Z
released,316,2020-02-16T00:00:00Z
19,314,2020-02-16T00:00:00Z
ago,314,2020-02-16T00:00:00Z
flights,309,2020-02-16T00:00:00Z
treatment,309,2020-02-16T00:00:00Z
69000,308,2020-02-16T00:00:00Z
korea,307,2020-02-16T00:00:00Z
fighting,305,2020-02-16T00:00:00Z
1665,304,2020-02-16T00:00:00Z
coronavirius,304,2020-02-16T00:00:00Z
hard,304,2020-02-16T00:00:00Z
jinping,303,2020-02-16T00:00:00Z
rise,303,2020-02-16T00:00:00Z
wrong,303,2020-02-16T00:00:00Z
prepare,302,2020-02-16T00:00:00Z
online,301,2020-02-16T00:00:00Z
san,301,2020-02-16T00:00:00Z
outbreaks,300,2020-02-16T00:00:00Z
worldwide,300,2020-02-16T00:00:00Z
flight,299,2020-02-16T00:00:00Z
finally,296,2020-02-16T00:00:00Z
close,292,2020-02-16T00:00:00Z
dies,290,2020-02-16T00:00:00Z
originated,290,2020-02-16T00:00:00Z
efforts,289,2020-02-16T00:00:00Z
police,289,2020-02-16T00:00:00Z
biological,288,2020-02-16T00:00:00Z
drops,288,2020-02-16T00:00:00Z
fire,288,2020-02-16T00:00:00Z
happening,288,2020-02-16T00:00:00Z
attacks,287,2020-02-16T00:00:00Z
party,287,2020-02-16T00:00:00Z
prevent,287,2020-02-16T00:00:00Z
viral,286,2020-02-16T00:00:00Z
call,284,2020-02-16T00:00:00Z
check,284,2020-02-16T00:00:00Z
animals,283,2020-02-16T00:00:00Z
ban,282,2020-02-16T00:00:00Z
inside,282,2020-02-16T00:00:00Z
island,282,2020-02-16T00:00:00Z
past,282,2020-02-16T00:00:00Z
racism,282,2020-02-16T00:00:00Z
fall,281,2020-02-16T00:00:00Z
send,281,2020-02-16T00:00:00Z
local,278,2020-02-16T00:00:00Z
ready,278,2020-02-16T00:00:00Z
restrictions,278,2020-02-16T00:00:00Z
theory,278,2020-02-16T00:00:00Z
continues,277,2020-02-16T00:00:00Z
history,276,2020-02-16T00:00:00Z
protection,276,2020-02-16T00:00:00Z
contact,275,2020-02-16T00:00:00Z
evidence,275,2020-02-16T00:00:00Z
fly,273,2020-02-16T00:00:00Z
nyt,273,2020-02-16T00:00:00Z
bomb,271,2020-02-16T00:00:00Z
dangerous,271,2020-02-16T00:00:00Z
twitter,271,2020-02-16T00:00:00Z
feel,269,2020-02-16T00:00:00Z
potential,269,2020-02-16T00:00:00Z
set,269,2020-02-16T00:00:00Z
published,268,2020-02-16T00:00:00Z
remain,268,2020-02-16T00:00:00Z
shit,266,2020-02-16T00:00:00Z
major,265,2020-02-16T00:00:00Z
worlds,265,2020-02-16T00:00:00Z
6,264,2020-02-16T00:00:00Z
nurses,263,2020-02-16T00:00:00Z
hes,262,2020-02-16T00:00:00Z
oil,262,2020-02-16T00:00:00Z
markets,259,2020-02-16T00:00:00Z
avoid,258,2020-02-16T00:00:00Z
bans,258,2020-02-16T00:00:00Z
1669,257,2020-02-16T00:00:00Z
expert,257,2020-02-16T00:00:00Z
24,256,2020-02-16T00:00:00Z
bring,256,2020-02-16T00:00:00Z
current,256,2020-02-16T00:00:00Z
led,256,2020-02-16T00:00:00Z
supplies,256,2020-02-16T00:00:00Z
wait,256,2020-02-16T00:00:00Z
diseases,255,2020-02-16T00:00:00Z
recent,255,2020-02-16T00:00:00Z
cities,254,2020-02-16T00:00:00Z
facebook,253,2020-02-16T00:00:00Z
war,253,2020-02-16T00:00:00Z
issue,252,2020-02-16T00:00:00Z
attack,251,2020-02-16T00:00:00Z
concerns,250,2020-02-16T00:00:00Z
reporting,250,2020-02-16T00:00:00Z
wearing,250,2020-02-16T00:00:00Z
body,249,2020-02-16T00:00:00Z
humans,249,2020-02-16T00:00:00Z
pray,249,2020-02-16T00:00:00Z
thousands,249,2020-02-16T00:00:00Z
transmission,249,2020-02-16T00:00:00Z
bill,248,2020-02-16T00:00:00Z
doctor,248,2020-02-16T00:00:00Z
gates,248,2020-02-16T00:00:00Z
ministry,248,2020-02-16T00:00:00Z
months,248,2020-02-16T00:00:00Z
ppl,248,2020-02-16T00:00:00Z
infectious,247,2020-02-16T00:00:00Z
infect,245,2020-02-16T00:00:00Z
weapon,245,2020-02-16T00:00:00Z
bioweapon,244,2020-02-16T00:00:00Z
caused,244,2020-02-16T00:00:00Z
east,244,2020-02-16T00:00:00Z
month,244,2020-02-16T00:00:00Z
huge,243,2020-02-16T00:00:00Z
question,243,2020-02-16T00:00:00Z
1600,242,2020-02-16T00:00:00Z
futures,242,2020-02-16T00:00:00Z
forty,240,2020-02-16T00:00:00Z
youtube,240,2020-02-16T00:00:00Z
catch,238,2020-02-16T00:00:00Z
community,238,2020-02-16T00:00:00Z
means,238,2020-02-16T00:00:00Z
saturday,238,2020-02-16T00:00:00Z
evendeadlier,237,2020-02-16T00:00:00Z
industry,237,2020-02-16T00:00:00Z
lives,237,2020-02-16T00:00:00Z
epicenter,236,2020-02-16T00:00:00Z
facility,236,2020-02-16T00:00:00Z
stuck,235,2020-02-16T00:00:00Z
center,234,2020-02-16T00:00:00Z
demand,234,2020-02-16T00:00:00Z
nations,234,2020-02-16T00:00:00Z
cold,233,2020-02-16T00:00:00Z
egypt,233,2020-02-16T00:00:00Z
hits,233,2020-02-16T00:00:00Z
earlier,232,2020-02-16T00:00:00Z
eat,232,2020-02-16T00:00:00Z
related,232,2020-02-16T00:00:00Z
study,232,2020-02-16T00:00:00Z
12,231,2020-02-16T00:00:00Z
companies,231,2020-02-16T00:00:00Z
speaks,231,2020-02-16T00:00:00Z
canadian,229,2020-02-16T00:00:00Z
ncov2019,229,2020-02-16T00:00:00Z
nepal,229,2020-02-16T00:00:00Z
wuhanvirus,229,2020-02-16T00:00:00Z
damage,228,2020-02-16T00:00:00Z
pass,227,2020-02-16T00:00:00Z
reason,227,2020-02-16T00:00:00Z
warning,226,2020-02-16T00:00:00Z
bitcoin,225,2020-02-16T00:00:00Z
period,225,2020-02-16T00:00:00Z
residents,225,2020-02-16T00:00:00Z
contagious,224,2020-02-16T00:00:00Z
cover,224,2020-02-16T00:00:00Z
happen,223,2020-02-16T00:00:00Z
created,222,2020-02-16T00:00:00Z
racist,222,2020-02-16T00:00:00Z
biggest,221,2020-02-16T00:00:00Z
book,220,2020-02-16T00:00:00Z
ebola,220,2020-02-16T00:00:00Z
future,220,2020-02-16T00:00:00Z
healthcare,220,2020-02-16T00:00:00Z
return,220,2020-02-16T00:00:00Z
university,220,2020-02-16T00:00:00Z
change,219,2020-02-16T00:00:00Z
exclusive,219,2020-02-16T00:00:00Z
ships,219,2020-02-16T00:00:00Z
institute,218,2020-02-16T00:00:00Z
science,218,2020-02-16T00:00:00Z
treat,218,2020-02-16T00:00:00Z
bat,217,2020-02-16T00:00:00Z
claims,217,2020-02-16T00:00:00Z
event,217,2020-02-16T00:00:00Z
prevention,217,2020-02-16T00:00:00Z
bio,216,2020-02-16T00:00:00Z
tour,216,2020-02-16T00:00:00Z
worried,216,2020-02-16T00:00:00Z
combat,215,2020-02-16T00:00:00Z
save,215,2020-02-16T00:00:00Z
speech,215,2020-02-16T00:00:00Z
bringing,214,2020-02-16T00:00:00Z
buy,214,2020-02-16T00:00:00Z
scientist,214,2020-02-16T00:00:00Z
44,213,2020-02-16T00:00:00Z
living,213,2020-02-16T00:00:00Z
kills,212,2020-02-16T00:00:00Z
deal,211,2020-02-16T00:00:00Z
governments,211,2020-02-16T00:00:00Z
heard,211,2020-02-16T00:00:00Z
medicine,211,2020-02-16T00:00:00Z
director,210,2020-02-16T00:00:00Z
discharged,210,2020-02-16T00:00:00Z
london,210,2020-02-16T00:00:00Z
follow,209,2020-02-16T00:00:00Z
highly,209,2020-02-16T00:00:00Z
wear,209,2020-02-16T00:00:00Z
hand,208,2020-02-16T00:00:00Z
info,207,2020-02-16T00:00:00Z
9,206,2020-02-16T00:00:00Z
australia,206,2020-02-16T00:00:00Z
continue,206,2020-02-16T00:00:00Z
severity,206,2020-02-16T00:00:00Z
shut,206,2020-02-16T00:00:00Z
8,205,2020-02-16T00:00:00Z
arriving,205,2020-02-16T00:00:00Z
fatality,205,2020-02-16T00:00:00Z
common,204,2020-02-16T00:00:00Z
central,203,2020-02-16T00:00:00Z
contagion,203,2020-02-16T00:00:00Z
link,203,2020-02-16T00:00:00Z
hongkong,202,2020-02-16T00:00:00Z
talking,202,2020-02-16T00:00:00Z
7,201,2020-02-16T00:00:00Z
forget,201,2020-02-16T00:00:00Z
ground,201,2020-02-16T00:00:00Z
head,201,2020-02-16T00:00:00Z
jan,201,2020-02-16T00:00:00Z
rest,201,2020-02-16T00:00:00Z
1981,200,2020-02-16T00:00:00Z
evacuating,200,2020-02-16T00:00:00Z
killer,200,2020-02-16T00:00:00Z
blood,199,2020-02-16T00:00:00Z
id,199,2020-02-16T00:00:00Z
organization,199,2020-02-16T00:00:00Z
pets,199,2020-02-16T00:00:00Z
north,198,2020-02-16T00:00:00Z
rises,198,2020-02-16T00:00:00Z
billion,197,2020-02-16T00:00:00Z
cancels,197,2020-02-16T00:00:00Z
chief,197,2020-02-16T00:00:00Z
happened,197,2020-02-16T00:00:00Z
severe,197,2020-02-16T00:00:00Z
wuhans,197,2020-02-16T00:00:00Z
criticise,196,2020-02-16T00:00:00Z
january,196,2020-02-16T00:00:00Z
onboard,196,2020-02-16T00:00:00Z
shortage,196,2020-02-16T00:00:00Z
clinical,195,2020-02-16T00:00:00Z
drug,195,2020-02-16T00:00:00Z
guy,195,2020-02-16T00:00:00Z
announced,194,2020-02-16T00:00:00Z
political,194,2020-02-16T00:00:00Z
standards,194,2020-02-16T00:00:00Z
prepared,193,2020-02-16T00:00:00Z
68000,192,2020-02-16T00:00:00Z
allowed,192,2020-02-16T00:00:00Z
black,192,2020-02-16T00:00:00Z
lying,192,2020-02-16T00:00:00Z
evacuates,191,2020-02-16T00:00:00Z
foreign,191,2020-02-16T00:00:00Z
leading,191,2020-02-16T00:00:00Z
trending,191,2020-02-16T00:00:00Z
climb,190,2020-02-16T00:00:00Z
healthy,190,2020-02-16T00:00:00Z
washington,190,2020-02-16T00:00:00Z
worry,190,2020-02-16T00:00:00Z
dying,189,2020-02-16T00:00:00Z
based,188,2020-02-16T00:00:00Z
critical,188,2020-02-16T00:00:00Z
thailand,187,2020-02-16T00:00:00Z
victim,187,2020-02-16T00:00:00Z
videos,187,2020-02-16T00:00:00Z
california,186,2020-02-16T00:00:00Z
gonna,186,2020-02-16T00:00:00Z
understand,186,2020-02-16T00:00:00Z
plane,185,2020-02-16T00:00:00Z
spend,185,2020-02-16T00:00:00Z
paper,184,2020-02-16T00:00:00Z
takes,184,2020-02-16T00:00:00Z
trapped,184,2020-02-16T00:00:00Z
arent,183,2020-02-16T00:00:00Z
chain,183,2020-02-16T00:00:00Z
coverup,183,2020-02-16T00:00:00Z
friends,183,2020-02-16T00:00:00Z
hunt,183,2020-02-16T00:00:00Z
idea,183,2020-02-16T00:00:00Z
issues,183,2020-02-16T00:00:00Z
lol,183,2020-02-16T00:00:00Z
ncov,182,2020-02-16T00:00:00Z
results,182,2020-02-16T00:00:00Z
thread,182,2020-02-16T00:00:00Z
22,181,2020-02-16T00:00:00Z
airport,181,2020-02-16T00:00:00Z
immune,181,2020-02-16T00:00:00Z
mass,181,2020-02-16T00:00:00Z
staff,181,2020-02-16T00:00:00Z
victims,181,2020-02-16T00:00:00Z
virology,181,2020-02-16T00:00:00Z
effect,180,2020-02-16T00:00:00Z
hk,180,2020-02-16T00:00:00Z
imagine,180,2020-02-16T00:00:00Z
analysis,179,2020-02-16T00:00:00Z
student,179,2020-02-16T00:00:00Z
unions,179,2020-02-16T00:00:00Z
poor,178,2020-02-16T00:00:00Z
tech,178,2020-02-16T00:00:00Z
tourism,178,2020-02-16T00:00:00Z
falls,177,2020-02-16T00:00:00Z
share,177,2020-02-16T00:00:00Z
nytimes,176,2020-02-16T00:00:00Z
shanghai,176,2020-02-16T00:00:00Z
300,175,2020-02-16T00:00:00Z
isolation,175,2020-02-16T00:00:00Z
plague,175,2020-02-16T00:00:00Z
drtedros,174,2020-02-16T00:00:00Z
returning,174,2020-02-16T00:00:00Z
sentomcotton,174,2020-02-16T00:00:00Z
street,174,2020-02-16T00:00:00Z
wife,174,2020-02-16T00:00:00Z
crew,173,2020-02-16T00:00:00Z
telling,173,2020-02-16T00:00:00Z
western,173,2020-02-16T00:00:00Z
overseas,172,2020-02-16T00:00:00Z
strong,172,2020-02-16T00:00:00Z
wall,172,2020-02-16T00:00:00Z
caught,171,2020-02-16T00:00:00Z
warfare,171,2020-02-16T00:00:00Z
wet,171,2020-02-16T00:00:00Z
movie,170,2020-02-16T00:00:00Z
remember,170,2020-02-16T00:00:00Z
1st,169,2020-02-16T00:00:00Z
closed,169,2020-02-16T00:00:00Z
elderly,169,2020-02-16T00:00:00Z
incubation,169,2020-02-16T00:00:00Z
preparing,169,2020-02-16T00:00:00Z
price,169,2020-02-16T00:00:00Z
bit,168,2020-02-16T00:00:00Z
border,168,2020-02-16T00:00:00Z
guardian,168,2020-02-16T00:00:00Z
indian,168,2020-02-16T00:00:00Z
action,167,2020-02-16T00:00:00Z
fox,167,2020-02-16T00:00:00Z
late,167,2020-02-16T00:00:00Z
nigeria,167,2020-02-16T00:00:00Z
updated,167,2020-02-16T00:00:00Z
50,166,2020-02-16T00:00:00Z
bnodesk,166,2020-02-16T00:00:00Z
google,166,2020-02-16T00:00:00Z
half,166,2020-02-16T00:00:00Z
plans,166,2020-02-16T00:00:00Z
sad,166,2020-02-16T00:00:00Z
season,166,2020-02-16T00:00:00Z
appears,165,2020-02-16T00:00:00Z
attention,165,2020-02-16T00:00:00Z
billions,165,2020-02-16T00:00:00Z
canadians,165,2020-02-16T00:00:00Z
cdcgov,165,2020-02-16T00:00:00Z
peoples,165,2020-02-16T00:00:00Z
thinking,165,2020-02-16T00:00:00Z
142,164,2020-02-16T00:00:00Z
pm,164,2020-02-16T00:00:00Z
trumps,164,2020-02-16T00:00:00Z
bc,163,2020-02-16T00:00:00Z
british,163,2020-02-16T00:00:00Z
company,163,2020-02-16T00:00:00Z
containment,163,2020-02-16T00:00:00Z
technology,163,2020-02-16T00:00:00Z
tighter,163,2020-02-16T00:00:00Z
yeah,163,2020-02-16T00:00:00Z
hear,162,2020-02-16T00:00:00Z
britons,161,2020-02-16T00:00:00Z
curbs,161,2020-02-16T00:00:00Z
force,161,2020-02-16T00:00:00Z
opinion,161,2020-02-16T00:00:00Z
touch,161,2020-02-16T00:00:00Z
chinacoronavirus,160,2020-02-16T00:00:00Z
enacts,160,2020-02-16T00:00:00Z
havent,160,2020-02-16T00:00:00Z
children,159,2020-02-16T00:00:00Z
killing,159,2020-02-16T00:00:00Z
starting,159,2020-02-16T00:00:00Z
wake,159,2020-02-16T00:00:00Z
68500,158,2020-02-16T00:00:00Z
aware,158,2020-02-16T00:00:00Z
pangolins,158,2020-02-16T00:00:00Z
scared,158,2020-02-16T00:00:00Z
businesses,157,2020-02-16T00:00:00Z
claim,157,2020-02-16T00:00:00Z
imf,157,2020-02-16T00:00:00Z
reality,157,2020-02-16T00:00:00Z
strain,157,2020-02-16T00:00:00Z
talk,157,2020-02-16T00:00:00Z
citizen,156,2020-02-16T00:00:00Z
fast,156,2020-02-16T00:00:00Z
ibm,156,2020-02-16T00:00:00Z
massive,156,2020-02-16T00:00:00Z
pretty,156,2020-02-16T00:00:00Z
production,156,2020-02-16T00:00:00Z
team,156,2020-02-16T00:00:00Z
base,155,2020-02-16T00:00:00Z
brought,155,2020-02-16T00:00:00Z
friend,155,2020-02-16T00:00:00Z
map,155,2020-02-16T00:00:00Z
matter,155,2020-02-16T00:00:00Z
power,155,2020-02-16T00:00:00Z
wouldnt,155,2020-02-16T00:00:00Z
bloomberg,154,2020-02-16T00:00:00Z
cut,154,2020-02-16T00:00:00Z
entire,154,2020-02-16T00:00:00Z
respiratory,154,2020-02-16T00:00:00Z
tweet,154,2020-02-16T00:00:00Z
yokohama,154,2020-02-16T00:00:00Z
1500,153,2020-02-16T00:00:00Z
australian,153,2020-02-16T00:00:00Z
guys,153,2020-02-16T00:00:00Z
nih,153,2020-02-16T00:00:00Z
catching,152,2020-02-16T00:00:00Z
crazy,152,2020-02-16T00:00:00Z
illness,152,2020-02-16T00:00:00Z
stupid,152,2020-02-16T00:00:00Z
traffic,152,2020-02-16T00:00:00Z
60,151,2020-02-16T00:00:00Z
events,151,2020-02-16T00:00:00Z
fever,151,2020-02-16T00:00:00Z
leaders,151,2020-02-16T00:00:00Z
origin,151,2020-02-16T00:00:00Z
raises,151,2020-02-16T00:00:00Z
reveals,151,2020-02-16T00:00:00Z
yesterday,151,2020-02-16T00:00:00Z
175,150,2020-02-16T00:00:00Z
add,150,2020-02-16T00:00:00Z
concerned,150,2020-02-16T00:00:00Z
happy,150,2020-02-16T00:00:00Z
propaganda,150,2020-02-16T00:00:00Z
security,150,2020-02-16T00:00:00Z
wash,150,2020-02-16T00:00:00Z
30,149,2020-02-16T00:00:00Z
5g,149,2020-02-16T00:00:00Z
80,149,2020-02-16T00:00:00Z
april,149,2020-02-16T00:00:00Z
blame,149,2020-02-16T00:00:00Z
cat,149,2020-02-16T00:00:00Z
hold,149,2020-02-16T00:00:00Z
visit,149,2020-02-16T00:00:00Z
water,149,2020-02-16T00:00:00Z
yall,149,2020-02-16T00:00:00Z
african,148,2020-02-16T00:00:00Z
boom,148,2020-02-16T00:00:00Z
cured,148,2020-02-16T00:00:00Z
slow,148,2020-02-16T00:00:00Z
suffering,148,2020-02-16T00:00:00Z
cancelled,147,2020-02-16T00:00:00Z
difference,147,2020-02-16T00:00:00Z
labs,147,2020-02-16T00:00:00Z
pay,147,2020-02-16T00:00:00Z
restaurants,147,2020-02-16T00:00:00Z
effective,146,2020-02-16T00:00:00Z
guess,146,2020-02-16T00:00:00Z
night,146,2020-02-16T00:00:00Z
silent,146,2020-02-16T00:00:00Z
false,145,2020-02-16T00:00:00Z
figures,145,2020-02-16T00:00:00Z
job,145,2020-02-16T00:00:00Z
developed,144,2020-02-16T00:00:00Z
exposed,144,2020-02-16T00:00:00Z
recovery,144,2020-02-16T00:00:00Z
chance,143,2020-02-16T00:00:00Z
friday,143,2020-02-16T00:00:00Z
mind,143,2020-02-16T00:00:00Z
recently,143,2020-02-16T00:00:00Z
treated,143,2020-02-16T00:00:00Z
worst,143,2020-02-16T00:00:00Z
13,142,2020-02-16T00:00:00Z
fuck,142,2020-02-16T00:00:00Z
line,142,2020-02-16T00:00:00Z
stranded,142,2020-02-16T00:00:00Z
400,141,2020-02-16T00:00:00Z
concern,141,2020-02-16T00:00:00Z
influenza,141,2020-02-16T00:00:00Z
knowledge,141,2020-02-16T00:00:00Z
listen,141,2020-02-16T00:00:00Z
run,141,2020-02-16T00:00:00Z
scary,141,2020-02-16T00:00:00Z
warned,141,2020-02-16T00:00:00Z
apparently,140,2020-02-16T00:00:00Z
hell,140,2020-02-16T00:00:00Z
texas,140,2020-02-16T00:00:00Z
battle,139,2020-02-16T00:00:00Z
clues,139,2020-02-16T00:00:00Z
front,139,2020-02-16T00:00:00Z
schools,139,2020-02-16T00:00:00Z
sense,139,2020-02-16T00:00:00Z
tv,139,2020-02-16T00:00:00Z
coincidence,138,2020-02-16T00:00:00Z
cost,138,2020-02-16T00:00:00Z
facing,138,2020-02-16T00:00:00Z
hate,138,2020-02-16T00:00:00Z
reading,138,2020-02-16T00:00:00Z
researchers,138,2020-02-16T00:00:00Z
wow,138,2020-02-16T00:00:00Z
ðŸ¤”,137,2020-02-16T00:00:00Z
ahead,137,2020-02-16T00:00:00Z
begin,137,2020-02-16T00:00:00Z
beginning,137,2020-02-16T00:00:00Z
indians,137,2020-02-16T00:00:00Z
possibility,137,2020-02-16T00:00:00Z
unknown,137,2020-02-16T00:00:00Z
dean,136,2020-02-16T00:00:00Z
financial,136,2020-02-16T00:00:00Z
fucking,136,2020-02-16T00:00:00Z
games,136,2020-02-16T00:00:00Z
learn,136,2020-02-16T00:00:00Z
special,136,2020-02-16T00:00:00Z
1666,135,2020-02-16T00:00:00Z
calls,135,2020-02-16T00:00:00Z
estimated,135,2020-02-16T00:00:00Z
israel,135,2020-02-16T00:00:00Z
predicted,135,2020-02-16T00:00:00Z
scare,135,2020-02-16T00:00:00Z
trip,135,2020-02-16T00:00:00Z
canceled,134,2020-02-16T00:00:00Z
expected,134,2020-02-16T00:00:00Z
globe,134,2020-02-16T00:00:00Z
homes,134,2020-02-16T00:00:00Z
literally,134,2020-02-16T00:00:00Z
message,134,2020-02-16T00:00:00Z
stock,134,2020-02-16T00:00:00Z
result,133,2020-02-16T00:00:00Z
al,132,2020-02-16T00:00:00Z
alert,132,2020-02-16T00:00:00Z
cnbc,132,2020-02-16T00:00:00Z
create,132,2020-02-16T00:00:00Z
effects,132,2020-02-16T00:00:00Z
hey,132,2020-02-16T00:00:00Z
key,132,2020-02-16T00:00:00Z
school,132,2020-02-16T00:00:00Z
1000,131,2020-02-16T00:00:00Z
commission,131,2020-02-16T00:00:00Z
hiv,131,2020-02-16T00:00:00Z
increase,131,2020-02-16T00:00:00Z
koontz,131,2020-02-16T00:00:00Z
professor,131,2020-02-16T00:00:00Z
safety,131,2020-02-16T00:00:00Z
11,130,2020-02-16T00:00:00Z
760,130,2020-02-16T00:00:00Z
coronavirustruth,130,2020-02-16T00:00:00Z
crypto,130,2020-02-16T00:00:00Z
harvard,130,2020-02-16T00:00:00Z
held,130,2020-02-16T00:00:00Z
possibly,130,2020-02-16T00:00:00Z
similar,130,2020-02-16T00:00:00Z
stories,130,2020-02-16T00:00:00Z
trials,130,2020-02-16T00:00:00Z
consecutive,129,2020-02-16T00:00:00Z
israeli,129,2020-02-16T00:00:00Z
law,129,2020-02-16T00:00:00Z
slight,129,2020-02-16T00:00:00Z
storm,129,2020-02-16T00:00:00Z
condition,128,2020-02-16T00:00:00Z
james,128,2020-02-16T00:00:00Z
march,128,2020-02-16T00:00:00Z
normal,128,2020-02-16T00:00:00Z
recorded,128,2020-02-16T00:00:00Z
selling,128,2020-02-16T00:00:00Z
lead,127,2020-02-16T00:00:00Z
linked,127,2020-02-16T00:00:00Z
release,127,2020-02-16T00:00:00Z
tax,127,2020-02-16T00:00:00Z
waiting,127,2020-02-16T00:00:00Z
coronaviruscanada,126,2020-02-16T00:00:00Z
diego,126,2020-02-16T00:00:00Z
drugs,126,2020-02-16T00:00:00Z
french,126,2020-02-16T00:00:00Z
lies,126,2020-02-16T00:00:00Z
policy,126,2020-02-16T00:00:00Z
contained,125,2020-02-16T00:00:00Z
hot,125,2020-02-16T00:00:00Z
18,124,2020-02-16T00:00:00Z
2nd,124,2020-02-16T00:00:00Z
bond,124,2020-02-16T00:00:00Z
coronavirushit,124,2020-02-16T00:00:00Z
countrys,124,2020-02-16T00:00:00Z
handle,124,2020-02-16T00:00:00Z
indonesia,124,2020-02-16T00:00:00Z
israelis,124,2020-02-16T00:00:00Z
moment,124,2020-02-16T00:00:00Z
move,124,2020-02-16T00:00:00Z
pakistan,124,2020-02-16T00:00:00Z
borders,123,2020-02-16T00:00:00Z
climbs,123,2020-02-16T00:00:00Z
federal,123,2020-02-16T00:00:00Z
rsa,123,2020-02-16T00:00:00Z
traditional,123,2020-02-16T00:00:00Z
2009,122,2020-02-16T00:00:00Z
break,122,2020-02-16T00:00:00Z
evil,122,2020-02-16T00:00:00Z
flying,122,2020-02-16T00:00:00Z
nice,122,2020-02-16T00:00:00Z
brits,121,2020-02-16T00:00:00Z
chinavirus,121,2020-02-16T00:00:00Z
curb,121,2020-02-16T00:00:00Z
nationals,121,2020-02-16T00:00:00Z
protests,121,2020-02-16T00:00:00Z
rates,121,2020-02-16T00:00:00Z
sounds,121,2020-02-16T00:00:00Z
speak,121,2020-02-16T00:00:00Z
watching,121,2020-02-16T00:00:00Z
weekend,121,2020-02-16T00:00:00Z
answer,120,2020-02-16T00:00:00Z
asians,120,2020-02-16T00:00:00Z
cough,120,2020-02-16T00:00:00Z
discovered,120,2020-02-16T00:00:00Z
gov,120,2020-02-16T00:00:00Z
mail,120,2020-02-16T00:00:00Z
sign,120,2020-02-16T00:00:00Z
bodies,119,2020-02-16T00:00:00Z
eyes,119,2020-02-16T00:00:00Z
kids,119,2020-02-16T00:00:00Z
nhs,119,2020-02-16T00:00:00Z
race,119,2020-02-16T00:00:00Z
risks,119,2020-02-16T00:00:00Z
running,119,2020-02-16T00:00:00Z
1700,118,2020-02-16T00:00:00Z
acyn,118,2020-02-16T00:00:00Z
feels,118,2020-02-16T00:00:00Z
nation,118,2020-02-16T00:00:00Z
parents,118,2020-02-16T00:00:00Z
protective,118,2020-02-16T00:00:00Z
provide,118,2020-02-16T00:00:00Z
ðŸ‡¨ðŸ‡³,117,2020-02-16T00:00:00Z
advice,117,2020-02-16T00:00:00Z
agree,117,2020-02-16T00:00:00Z
coronaviruses,117,2020-02-16T00:00:00Z
correct,117,2020-02-16T00:00:00Z
couldnt,117,2020-02-16T00:00:00Z
development,117,2020-02-16T00:00:00Z
locked,117,2020-02-16T00:00:00Z
misinformation,117,2020-02-16T00:00:00Z
personnel,117,2020-02-16T00:00:00Z
prayer,117,2020-02-16T00:00:00Z
act,116,2020-02-16T00:00:00Z
bases,116,2020-02-16T00:00:00Z
count,116,2020-02-16T00:00:00Z
eating,116,2020-02-16T00:00:00Z
english,116,2020-02-16T00:00:00Z
fish,116,2020-02-16T00:00:00Z
mortality,116,2020-02-16T00:00:00Z
recession,116,2020-02-16T00:00:00Z
sending,116,2020-02-16T00:00:00Z
vehicle,116,2020-02-16T00:00:00Z
139,115,2020-02-16T00:00:00Z
coverage,115,2020-02-16T00:00:00Z
helping,115,2020-02-16T00:00:00Z
howroute,115,2020-02-16T00:00:00Z
leaving,115,2020-02-16T00:00:00Z
secret,115,2020-02-16T00:00:00Z
single,115,2020-02-16T00:00:00Z
step,115,2020-02-16T00:00:00Z
airborne,114,2020-02-16T00:00:00Z
keeping,114,2020-02-16T00:00:00Z
remains,114,2020-02-16T00:00:00Z
sales,114,2020-02-16T00:00:00Z
sources,114,2020-02-16T00:00:00Z
tourists,114,2020-02-16T00:00:00Z
worries,114,2020-02-16T00:00:00Z
built,113,2020-02-16T00:00:00Z
coronaviruswuhan,113,2020-02-16T00:00:00Z
lack,113,2020-02-16T00:00:00Z
statement,113,2020-02-16T00:00:00Z
type,113,2020-02-16T00:00:00Z
department,112,2020-02-16T00:00:00Z
largest,112,2020-02-16T00:00:00Z
plasma,112,2020-02-16T00:00:00Z
weather,112,2020-02-16T00:00:00Z
door,111,2020-02-16T00:00:00Z
interview,111,2020-02-16T00:00:00Z
russia,111,2020-02-16T00:00:00Z
short,111,2020-02-16T00:00:00Z
solution,111,2020-02-16T00:00:00Z
surgical,111,2020-02-16T00:00:00Z
danger,110,2020-02-16T00:00:00Z
driver,110,2020-02-16T00:00:00Z
humanity,110,2020-02-16T00:00:00Z
lines,110,2020-02-16T00:00:00Z
list,110,2020-02-16T00:00:00Z
private,110,2020-02-16T00:00:00Z
ðŸ˜·,109,2020-02-16T00:00:00Z
disaster,109,2020-02-16T00:00:00Z
expect,109,2020-02-16T00:00:00Z
giving,109,2020-02-16T00:00:00Z
handling,109,2020-02-16T00:00:00Z
meeting,109,2020-02-16T00:00:00Z
pledging,109,2020-02-16T00:00:00Z
residential,109,2020-02-16T00:00:00Z
stuff,109,2020-02-16T00:00:00Z
threatens,109,2020-02-16T00:00:00Z
us,109,2020-02-16T00:00:00Z
17,108,2020-02-16T00:00:00Z
actual,108,2020-02-16T00:00:00Z
asymptomatic,108,2020-02-16T00:00:00Z
complete,108,2020-02-16T00:00:00Z
factories,108,2020-02-16T00:00:00Z
internet,108,2020-02-16T00:00:00Z
joke,108,2020-02-16T00:00:00Z
kim,108,2020-02-16T00:00:00Z
mild,108,2020-02-16T00:00:00Z
perfect,108,2020-02-16T00:00:00Z
solidarity,108,2020-02-16T00:00:00Z
trend,108,2020-02-16T00:00:00Z
vacation,108,2020-02-16T00:00:00Z
vietnam,108,2020-02-16T00:00:00Z
wasnt,108,2020-02-16T00:00:00Z
accurate,107,2020-02-16T00:00:00Z
destroy,107,2020-02-16T00:00:00Z
endangered,107,2020-02-16T00:00:00Z
forced,107,2020-02-16T00:00:00Z
press,107,2020-02-16T00:00:00Z
streets,107,2020-02-16T00:00:00Z
word,107,2020-02-16T00:00:00Z
arrived,106,2020-02-16T00:00:00Z
begun,106,2020-02-16T00:00:00Z
centre,106,2020-02-16T00:00:00Z
families,106,2020-02-16T00:00:00Z
kits,106,2020-02-16T00:00:00Z
piece,106,2020-02-16T00:00:00Z
prices,106,2020-02-16T00:00:00Z
quickly,106,2020-02-16T00:00:00Z
treatments,106,2020-02-16T00:00:00Z
3000,105,2020-02-16T00:00:00Z
authoritarian,105,2020-02-16T00:00:00Z
banknotes,105,2020-02-16T00:00:00Z
cancel,105,2020-02-16T00:00:00Z
damn,105,2020-02-16T00:00:00Z
genetic,105,2020-02-16T00:00:00Z
meat,105,2020-02-16T00:00:00Z
nyc,105,2020-02-16T00:00:00Z
office,105,2020-02-16T00:00:00Z
play,105,2020-02-16T00:00:00Z
returned,105,2020-02-16T00:00:00Z
stigma,105,2020-02-16T00:00:00Z
vaccines,105,2020-02-16T00:00:00Z
xis,105,2020-02-16T00:00:00Z
afraid,104,2020-02-16T00:00:00Z
date,104,2020-02-16T00:00:00Z
paul,104,2020-02-16T00:00:00Z
products,104,2020-02-16T00:00:00Z
red,104,2020-02-16T00:00:00Z
region,104,2020-02-16T00:00:00Z
service,104,2020-02-16T00:00:00Z
stopped,104,2020-02-16T00:00:00Z
theories,104,2020-02-16T00:00:00Z
2000,103,2020-02-16T00:00:00Z
25,103,2020-02-16T00:00:00Z
amazing,103,2020-02-16T00:00:00Z
camps,103,2020-02-16T00:00:00Z
disembarked,103,2020-02-16T00:00:00Z
fatalities,103,2020-02-16T00:00:00Z
gdp,103,2020-02-16T00:00:00Z
growing,103,2020-02-16T00:00:00Z
politics,103,2020-02-16T00:00:00Z
revealed,103,2020-02-16T00:00:00Z
withdraws,103,2020-02-16T00:00:00Z
wuhancoronavirusoutbreak,103,2020-02-16T00:00:00Z
carry,102,2020-02-16T00:00:00Z
contracted,102,2020-02-16T00:00:00Z
delhi,102,2020-02-16T00:00:00Z
earth,102,2020-02-16T00:00:00Z
saving,102,2020-02-16T00:00:00Z
verge,102,2020-02-16T00:00:00Z
announcement,101,2020-02-16T00:00:00Z
chains,101,2020-02-16T00:00:00Z
conditions,101,2020-02-16T00:00:00Z
coronavirusaustralia,101,2020-02-16T00:00:00Z
december,101,2020-02-16T00:00:00Z
depopulation,101,2020-02-16T00:00:00Z
initially,101,2020-02-16T00:00:00Z
liner,101,2020-02-16T00:00:00Z
note,101,2020-02-16T00:00:00Z
smart,101,2020-02-16T00:00:00Z
stats,101,2020-02-16T00:00:00Z
xijinping,101,2020-02-16T00:00:00Z
banned,100,2020-02-16T00:00:00Z
francisco,100,2020-02-16T00:00:00Z
freedom,100,2020-02-16T00:00:00Z
natural,100,2020-02-16T00:00:00Z
precautions,100,2020-02-16T00:00:00Z
travis,100,2020-02-16T00:00:00Z
wondering,100,2020-02-16T00:00:00Z
affect,99,2020-02-16T00:00:00Z
brave,99,2020-02-16T00:00:00Z
completely,99,2020-02-16T00:00:00Z
hasnt,99,2020-02-16T00:00:00Z
lookner,99,2020-02-16T00:00:00Z
monday,99,2020-02-16T00:00:00Z
tells,99,2020-02-16T00:00:00Z
wuhanpneumonia,99,2020-02-16T00:00:00Z
ðŸ˜‚,98,2020-02-16T00:00:00Z
app,98,2020-02-16T00:00:00Z
county,98,2020-02-16T00:00:00Z
li,98,2020-02-16T00:00:00Z
predict,98,2020-02-16T00:00:00Z
protest,98,2020-02-16T00:00:00Z
responsible,98,2020-02-16T00:00:00Z
speaking,98,2020-02-16T00:00:00Z
taiwans,98,2020-02-16T00:00:00Z
west,98,2020-02-16T00:00:00Z
account,97,2020-02-16T00:00:00Z
calm,97,2020-02-16T00:00:00Z
covd19,97,2020-02-16T00:00:00Z
engineered,97,2020-02-16T00:00:00Z
falling,97,2020-02-16T00:00:00Z
form,97,2020-02-16T00:00:00Z
jumps,97,2020-02-16T00:00:00Z
multiple,97,2020-02-16T00:00:00Z
posted,97,2020-02-16T00:00:00Z
reached,97,2020-02-16T00:00:00Z
seafood,97,2020-02-16T00:00:00Z
shouldnt,97,2020-02-16T00:00:00Z
stand,97,2020-02-16T00:00:00Z
ðŸ¦ ,96,2020-02-16T00:00:00Z
attacked,96,2020-02-16T00:00:00Z
bigger,96,2020-02-16T00:00:00Z
coast,96,2020-02-16T00:00:00Z
dogs,96,2020-02-16T00:00:00Z
folks,96,2020-02-16T00:00:00Z
moves,96,2020-02-16T00:00:00Z
planning,96,2020-02-16T00:00:00Z
previous,96,2020-02-16T00:00:00Z
sharing,96,2020-02-16T00:00:00Z
silver,96,2020-02-16T00:00:00Z
appearance,95,2020-02-16T00:00:00Z
documented,95,2020-02-16T00:00:00Z
doubt,95,2020-02-16T00:00:00Z
funny,95,2020-02-16T00:00:00Z
insider,95,2020-02-16T00:00:00Z
iwilleatwithyou,95,2020-02-16T00:00:00Z
launch,95,2020-02-16T00:00:00Z
light,95,2020-02-16T00:00:00Z
luxury,95,2020-02-16T00:00:00Z
model,95,2020-02-16T00:00:00Z
pangolin,95,2020-02-16T00:00:00Z
percent,95,2020-02-16T00:00:00Z
philippines,95,2020-02-16T00:00:00Z
planes,95,2020-02-16T00:00:00Z
reduce,95,2020-02-16T00:00:00Z
wang,95,2020-02-16T00:00:00Z
weapons,95,2020-02-16T00:00:00Z
1933,94,2020-02-16T00:00:00Z
abroad,94,2020-02-16T00:00:00Z
australians,94,2020-02-16T00:00:00Z
globalists,94,2020-02-16T00:00:00Z
husband,94,2020-02-16T00:00:00Z
mad,94,2020-02-16T00:00:00Z
middle,94,2020-02-16T00:00:00Z
olympics,94,2020-02-16T00:00:00Z
putting,94,2020-02-16T00:00:00Z
scientific,94,2020-02-16T00:00:00Z
services,94,2020-02-16T00:00:00Z
theyve,94,2020-02-16T00:00:00Z
yards,94,2020-02-16T00:00:00Z
ðŸ™„,93,2020-02-16T00:00:00Z
abc,93,2020-02-16T00:00:00Z
additional,93,2020-02-16T00:00:00Z
alarm,93,2020-02-16T00:00:00Z
breakingnews,93,2020-02-16T00:00:00Z
coronaoutbreak,93,2020-02-16T00:00:00Z
dozens,93,2020-02-16T00:00:00Z
grow,93,2020-02-16T00:00:00Z
impossible,93,2020-02-16T00:00:00Z
leaked,93,2020-02-16T00:00:00Z
limited,93,2020-02-16T00:00:00Z
lost,93,2020-02-16T00:00:00Z
minutes,93,2020-02-16T00:00:00Z
missing,93,2020-02-16T00:00:00Z
potentially,93,2020-02-16T00:00:00Z
record,93,2020-02-16T00:00:00Z
summit,93,2020-02-16T00:00:00Z
yelled,93,2020-02-16T00:00:00Z
abandoned,92,2020-02-16T00:00:00Z
ai,92,2020-02-16T00:00:00Z
building,92,2020-02-16T00:00:00Z
climate,92,2020-02-16T00:00:00Z
discover,92,2020-02-16T00:00:00Z
disembarking,92,2020-02-16T00:00:00Z
experiment,92,2020-02-16T00:00:00Z
feeling,92,2020-02-16T00:00:00Z
flulike,92,2020-02-16T00:00:00Z
germany,92,2020-02-16T00:00:00Z
identified,92,2020-02-16T00:00:00Z
japans,92,2020-02-16T00:00:00Z
links,92,2020-02-16T00:00:00Z
marketing,92,2020-02-16T00:00:00Z
nature,92,2020-02-16T00:00:00Z
reaches,92,2020-02-16T00:00:00Z
receive,92,2020-02-16T00:00:00Z
rising,92,2020-02-16T00:00:00Z
track,92,2020-02-16T00:00:00Z
vulnerable,92,2020-02-16T00:00:00Z
women,92,2020-02-16T00:00:00Z
airlines,91,2020-02-16T00:00:00Z
calling,91,2020-02-16T00:00:00Z
cbc,91,2020-02-16T00:00:00Z
dear,91,2020-02-16T00:00:00Z
exposure,91,2020-02-16T00:00:00Z
focus,91,2020-02-16T00:00:00Z
frontline,91,2020-02-16T00:00:00Z
temperature,91,2020-02-16T00:00:00Z
tomorrow,91,2020-02-16T00:00:00Z
wave,91,2020-02-16T00:00:00Z
words,91,2020-02-16T00:00:00Z
age,90,2020-02-16T00:00:00Z
currency,90,2020-02-16T00:00:00Z
helped,90,2020-02-16T00:00:00Z
jesus,90,2020-02-16T00:00:00Z
planet,90,2020-02-16T00:00:00Z
port,90,2020-02-16T00:00:00Z
rumors,90,2020-02-16T00:00:00Z
shes,90,2020-02-16T00:00:00Z
spike,90,2020-02-16T00:00:00Z
stocks,90,2020-02-16T00:00:00Z
widespread,90,2020-02-16T00:00:00Z
budget,89,2020-02-16T00:00:00Z
isolated,89,2020-02-16T00:00:00Z
journal,89,2020-02-16T00:00:00Z
land,89,2020-02-16T00:00:00Z
mers,89,2020-02-16T00:00:00Z
planned,89,2020-02-16T00:00:00Z
shipping,89,2020-02-16T00:00:00Z
totally,89,2020-02-16T00:00:00Z
administration,88,2020-02-16T00:00:00Z
deadlier,88,2020-02-16T00:00:00Z
effort,88,2020-02-16T00:00:00Z
excuse,88,2020-02-16T00:00:00Z
flown,88,2020-02-16T00:00:00Z
nurse,88,2020-02-16T00:00:00Z
prove,88,2020-02-16T00:00:00Z
surfaces,88,2020-02-16T00:00:00Z
timeline,88,2020-02-16T00:00:00Z
view,88,2020-02-16T00:00:00Z
whos,88,2020-02-16T00:00:00Z
absolutely,87,2020-02-16T00:00:00Z
arrive,87,2020-02-16T00:00:00Z
chartered,87,2020-02-16T00:00:00Z
child,87,2020-02-16T00:00:00Z
credit,87,2020-02-16T00:00:00Z
cruises,87,2020-02-16T00:00:00Z
grows,87,2020-02-16T00:00:00Z
guns,87,2020-02-16T00:00:00Z
illfated,87,2020-02-16T00:00:00Z
league,87,2020-02-16T00:00:00Z
nightmare,87,2020-02-16T00:00:00Z
notice,87,2020-02-16T00:00:00Z
resources,87,2020-02-16T00:00:00Z
worth,87,2020-02-16T00:00:00Z
110,86,2020-02-16T00:00:00Z
14day,86,2020-02-16T00:00:00Z
406,86,2020-02-16T00:00:00Z
added,86,2020-02-16T00:00:00Z
arrested,86,2020-02-16T00:00:00Z
brings,86,2020-02-16T00:00:00Z
cats,86,2020-02-16T00:00:00Z
church,86,2020-02-16T00:00:00Z
designed,86,2020-02-16T00:00:00Z
escaped,86,2020-02-16T00:00:00Z
failure,86,2020-02-16T00:00:00Z
fine,86,2020-02-16T00:00:00Z
flew,86,2020-02-16T00:00:00Z
game,86,2020-02-16T00:00:00Z
laugh,86,2020-02-16T00:00:00Z
officially,86,2020-02-16T00:00:00Z
playing,86,2020-02-16T00:00:00Z
protesters,86,2020-02-16T00:00:00Z
reach,86,2020-02-16T00:00:00Z
rights,86,2020-02-16T00:00:00Z
smoking,86,2020-02-16T00:00:00Z
train,86,2020-02-16T00:00:00Z
travelers,86,2020-02-16T00:00:00Z
bought,85,2020-02-16T00:00:00Z
contracting,85,2020-02-16T00:00:00Z
difficult,85,2020-02-16T00:00:00Z
failed,85,2020-02-16T00:00:00Z
girl,85,2020-02-16T00:00:00Z
images,85,2020-02-16T00:00:00Z
immediately,85,2020-02-16T00:00:00Z
lady,85,2020-02-16T00:00:00Z
lungs,85,2020-02-16T00:00:00Z
makeshift,85,2020-02-16T00:00:00Z
organisation,85,2020-02-16T00:00:00Z
phone,85,2020-02-16T00:00:00Z
pressure,85,2020-02-16T00:00:00Z
process,85,2020-02-16T00:00:00Z
quarantining,85,2020-02-16T00:00:00Z
reportedly,85,2020-02-16T00:00:00Z
senator,85,2020-02-16T00:00:00Z
store,85,2020-02-16T00:00:00Z
vanished,85,2020-02-16T00:00:00Z
weve,85,2020-02-16T00:00:00Z
wild,85,2020-02-16T00:00:00Z
3rd,84,2020-02-16T00:00:00Z
apple,84,2020-02-16T00:00:00Z
ass,84,2020-02-16T00:00:00Z
beat,84,2020-02-16T00:00:00Z
car,84,2020-02-16T00:00:00Z
confirm,84,2020-02-16T00:00:00Z
cruiseship,84,2020-02-16T00:00:00Z
develop,84,2020-02-16T00:00:00Z
employees,84,2020-02-16T00:00:00Z
lie,84,2020-02-16T00:00:00Z
previously,84,2020-02-16T00:00:00Z
rescue,84,2020-02-16T00:00:00Z
site,84,2020-02-16T00:00:00Z
bizarre,83,2020-02-16T00:00:00Z
chinatown,83,2020-02-16T00:00:00Z
coronavirusindia,83,2020-02-16T00:00:00Z
explain,83,2020-02-16T00:00:00Z
final,83,2020-02-16T00:00:00Z
jenniferatntd,83,2020-02-16T00:00:00Z
officer,83,2020-02-16T00:00:00Z
priorities,83,2020-02-16T00:00:00Z
sun,83,2020-02-16T00:00:00Z
tool,83,2020-02-16T00:00:00Z
affecting,82,2020-02-16T00:00:00Z
baby,82,2020-02-16T00:00:00Z
carrying,82,2020-02-16T00:00:00Z
cleared,82,2020-02-16T00:00:00Z
issued,82,2020-02-16T00:00:00Z
lower,82,2020-02-16T00:00:00Z
main,82,2020-02-16T00:00:00Z
named,82,2020-02-16T00:00:00Z
p4,82,2020-02-16T00:00:00Z
potus,82,2020-02-16T00:00:00Z
shame,82,2020-02-16T00:00:00Z
taxi,82,2020-02-16T00:00:00Z
town,82,2020-02-16T00:00:00Z
website,82,2020-02-16T00:00:00Z
wildlife,82,2020-02-16T00:00:00Z
challenge,81,2020-02-16T00:00:00Z
headlines,81,2020-02-16T00:00:00Z
host,81,2020-02-16T00:00:00Z
opportunity,81,2020-02-16T00:00:00Z
overcome,81,2020-02-16T00:00:00Z
rescuer,81,2020-02-16T00:00:00Z
simply,81,2020-02-16T00:00:00Z
systems,81,2020-02-16T00:00:00Z
author,80,2020-02-16T00:00:00Z
deep,80,2020-02-16T00:00:00Z
episode,80,2020-02-16T00:00:00Z
equipment,80,2020-02-16T00:00:00Z
include,80,2020-02-16T00:00:00Z
john,80,2020-02-16T00:00:00Z
leadership,80,2020-02-16T00:00:00Z
manufacturing,80,2020-02-16T00:00:00Z
program,80,2020-02-16T00:00:00Z
regular,80,2020-02-16T00:00:00Z
treating,80,2020-02-16T00:00:00Z
wuhan400,80,2020-02-16T00:00:00Z
200,79,2020-02-16T00:00:00Z
alive,79,2020-02-16T00:00:00Z
anymore,79,2020-02-16T00:00:00Z
banks,79,2020-02-16T00:00:00Z
christmas,79,2020-02-16T00:00:00Z
collapse,79,2020-02-16T00:00:00Z
european,79,2020-02-16T00:00:00Z
gop,79,2020-02-16T00:00:00Z
mess,79,2020-02-16T00:00:00Z
n95,79,2020-02-16T00:00:00Z
persons,79,2020-02-16T00:00:00Z
pocket,79,2020-02-16T00:00:00Z
reasons,79,2020-02-16T00:00:00Z
theyll,79,2020-02-16T00:00:00Z
uae,79,2020-02-16T00:00:00Z
å† çŠ¶ç—…æ¯’,78,2020-02-16T00:00:00Z
10k,78,2020-02-16T00:00:00Z
coronaviruss,78,2020-02-16T00:00:00Z
dealing,78,2020-02-16T00:00:00Z
delivery,78,2020-02-16T00:00:00Z
disembark,78,2020-02-16T00:00:00Z
infecting,78,2020-02-16T00:00:00Z
investors,78,2020-02-16T00:00:00Z
mobile,78,2020-02-16T00:00:00Z
npr,78,2020-02-16T00:00:00Z
olowski,78,2020-02-16T00:00:00Z
r0,78,2020-02-16T00:00:00Z
regime,78,2020-02-16T00:00:00Z
rich,78,2020-02-16T00:00:00Z
rumours,78,2020-02-16T00:00:00Z
scale,78,2020-02-16T00:00:00Z
sea,78,2020-02-16T00:00:00Z
spectatorindex,78,2020-02-16T00:00:00Z
win,78,2020-02-16T00:00:00Z
29,77,2020-02-16T00:00:00Z
500,77,2020-02-16T00:00:00Z
75,77,2020-02-16T00:00:00Z
attempt,77,2020-02-16T00:00:00Z
breaks,77,2020-02-16T00:00:00Z
britain,77,2020-02-16T00:00:00Z
clinics,77,2020-02-16T00:00:00Z
coronavirusuk,77,2020-02-16T00:00:00Z
dropped,77,2020-02-16T00:00:00Z
easy,77,2020-02-16T00:00:00Z
embassy,77,2020-02-16T00:00:00Z
funding,77,2020-02-16T00:00:00Z
individuals,77,2020-02-16T00:00:00Z
manmade,77,2020-02-16T00:00:00Z
meltdown,77,2020-02-16T00:00:00Z
pls,77,2020-02-16T00:00:00Z
prime,77,2020-02-16T00:00:00Z
shortages,77,2020-02-16T00:00:00Z
simple,77,2020-02-16T00:00:00Z
society,77,2020-02-16T00:00:00Z
stream,77,2020-02-16T00:00:00Z
surge,77,2020-02-16T00:00:00Z
23,76,2020-02-16T00:00:00Z
avoiding,76,2020-02-16T00:00:00Z
biowarfare,76,2020-02-16T00:00:00Z
blog,76,2020-02-16T00:00:00Z
changing,76,2020-02-16T00:00:00Z
charter,76,2020-02-16T00:00:00Z
covering,76,2020-02-16T00:00:00Z
directly,76,2020-02-16T00:00:00Z
epidemics,76,2020-02-16T00:00:00Z
experience,76,2020-02-16T00:00:00Z
extremely,76,2020-02-16T00:00:00Z
lew,76,2020-02-16T00:00:00Z
passes,76,2020-02-16T00:00:00Z
suspect,76,2020-02-16T00:00:00Z
tracking,76,2020-02-16T00:00:00Z
tragedy,76,2020-02-16T00:00:00Z
wrote,76,2020-02-16T00:00:00Z
ability,75,2020-02-16T00:00:00Z
afp,75,2020-02-16T00:00:00Z
allcoronavirus,75,2020-02-16T00:00:00Z
headline,75,2020-02-16T00:00:00Z
jump,75,2020-02-16T00:00:00Z
suggests,75,2020-02-16T00:00:00Z
tobacco,75,2020-02-16T00:00:00Z
winter,75,2020-02-16T00:00:00Z
access,74,2020-02-16T00:00:00Z
aid,74,2020-02-16T00:00:00Z
amazon,74,2020-02-16T00:00:00Z
blockchain,74,2020-02-16T00:00:00Z
centers,74,2020-02-16T00:00:00Z
contribute,74,2020-02-16T00:00:00Z
customers,74,2020-02-16T00:00:00Z
diagnosis,74,2020-02-16T00:00:00Z
election,74,2020-02-16T00:00:00Z
explains,74,2020-02-16T00:00:00Z
faster,74,2020-02-16T00:00:00Z
fell,74,2020-02-16T00:00:00Z
korean,74,2020-02-16T00:00:00Z
peace,74,2020-02-16T00:00:00Z
respect,74,2020-02-16T00:00:00Z
rule,74,2020-02-16T00:00:00Z
studying,74,2020-02-16T00:00:00Z
0,73,2020-02-16T00:00:00Z
70000,73,2020-02-16T00:00:00Z
achieves,73,2020-02-16T00:00:00Z
actions,73,2020-02-16T00:00:00Z
camp,73,2020-02-16T00:00:00Z
decided,73,2020-02-16T00:00:00Z
direct,73,2020-02-16T00:00:00Z
fallout,73,2020-02-16T00:00:00Z
gtgt,73,2020-02-16T00:00:00Z
holland,73,2020-02-16T00:00:00Z
immunity,73,2020-02-16T00:00:00Z
majority,73,2020-02-16T00:00:00Z
meet,73,2020-02-16T00:00:00Z
offer,73,2020-02-16T00:00:00Z
pakistani,73,2020-02-16T00:00:00Z
quick,73,2020-02-16T00:00:00Z
rapidly,73,2020-02-16T00:00:00Z
staying,73,2020-02-16T00:00:00Z
tweets,73,2020-02-16T00:00:00Z
version,73,2020-02-16T00:00:00Z
written,73,2020-02-16T00:00:00Z
advisers,72,2020-02-16T00:00:00Z
anger,72,2020-02-16T00:00:00Z
battling,72,2020-02-16T00:00:00Z
bet,72,2020-02-16T00:00:00Z
careful,72,2020-02-16T00:00:00Z
hour,72,2020-02-16T00:00:00Z
lots,72,2020-02-16T00:00:00Z
mentioned,72,2020-02-16T00:00:00Z
overwatch,72,2020-02-16T00:00:00Z
prayers,72,2020-02-16T00:00:00Z
rages,72,2020-02-16T00:00:00Z
rallies,72,2020-02-16T00:00:00Z
selfisolate,72,2020-02-16T00:00:00Z
spoke,72,2020-02-16T00:00:00Z
washing,72,2020-02-16T00:00:00Z
aint,71,2020-02-16T00:00:00Z
articles,71,2020-02-16T00:00:00Z
begins,71,2020-02-16T00:00:00Z
brain,71,2020-02-16T00:00:00Z
cars,71,2020-02-16T00:00:00Z
chicago,71,2020-02-16T00:00:00Z
clean,71,2020-02-16T00:00:00Z
decision,71,2020-02-16T00:00:00Z
fun,71,2020-02-16T00:00:00Z
hospitalized,71,2020-02-16T00:00:00Z
lock,71,2020-02-16T00:00:00Z
management,71,2020-02-16T00:00:00Z
mandatory,71,2020-02-16T00:00:00Z
manufacturer,71,2020-02-16T00:00:00Z
owners,71,2020-02-16T00:00:00Z
proof,71,2020-02-16T00:00:00Z
protecting,71,2020-02-16T00:00:00Z
stage,71,2020-02-16T00:00:00Z
suggest,71,2020-02-16T00:00:00Z
supposed,71,2020-02-16T00:00:00Z
surprised,71,2020-02-16T00:00:00Z
wtf,71,2020-02-16T00:00:00Z
1770,70,2020-02-16T00:00:00Z
amount,70,2020-02-16T00:00:00Z
answers,70,2020-02-16T00:00:00Z
buying,70,2020-02-16T00:00:00Z
contract,70,2020-02-16T00:00:00Z
david,70,2020-02-16T00:00:00Z
digital,70,2020-02-16T00:00:00Z
empty,70,2020-02-16T00:00:00Z
facilities,70,2020-02-16T00:00:00Z
investigate,70,2020-02-16T00:00:00Z
lose,70,2020-02-16T00:00:00Z
matches,70,2020-02-16T00:00:00Z
ongoing,70,2020-02-16T00:00:00Z
paris,70,2020-02-16T00:00:00Z
photo,70,2020-02-16T00:00:00Z
reaction,70,2020-02-16T00:00:00Z
soft,70,2020-02-16T00:00:00Z
spanish,70,2020-02-16T00:00:00Z
swan,70,2020-02-16T00:00:00Z
till,70,2020-02-16T00:00:00Z
traveling,70,2020-02-16T00:00:00Z
bombshell,69,2020-02-16T00:00:00Z
cluster,69,2020-02-16T00:00:00Z
congress,69,2020-02-16T00:00:00Z
discrimination,69,2020-02-16T00:00:00Z
icu,69,2020-02-16T00:00:00Z
increased,69,2020-02-16T00:00:00Z
michael,69,2020-02-16T00:00:00Z
moving,69,2020-02-16T00:00:00Z
msm,69,2020-02-16T00:00:00Z
nhk,69,2020-02-16T00:00:00Z
passed,69,2020-02-16T00:00:00Z
sound,69,2020-02-16T00:00:00Z
stunning,69,2020-02-16T00:00:00Z
summer,69,2020-02-16T00:00:00Z
tough,69,2020-02-16T00:00:00Z
voice,69,2020-02-16T00:00:00Z
28,68,2020-02-16T00:00:00Z
67,68,2020-02-16T00:00:00Z
ace2,68,2020-02-16T00:00:00Z
bioweapons,68,2020-02-16T00:00:00Z
coronaviruscoverup,68,2020-02-16T00:00:00Z
coronavirusupdate,68,2020-02-16T00:00:00Z
coronavirususa,68,2020-02-16T00:00:00Z
cottrell,68,2020-02-16T00:00:00Z
escape,68,2020-02-16T00:00:00Z
fashion,68,2020-02-16T00:00:00Z
gun,68,2020-02-16T00:00:00Z
intelligence,68,2020-02-16T00:00:00Z
join,68,2020-02-16T00:00:00Z
knowing,68,2020-02-16T00:00:00Z
mother,68,2020-02-16T00:00:00Z
praying,68,2020-02-16T00:00:00Z
received,68,2020-02-16T00:00:00Z
screening,68,2020-02-16T00:00:00Z
series,68,2020-02-16T00:00:00Z
shot,68,2020-02-16T00:00:00Z
signs,68,2020-02-16T00:00:00Z
statistics,68,2020-02-16T00:00:00Z
term,68,2020-02-16T00:00:00Z
wsj,68,2020-02-16T00:00:00Z
72,67,2020-02-16T00:00:00Z
afb,67,2020-02-16T00:00:00Z
allowing,67,2020-02-16T00:00:00Z
basic,67,2020-02-16T00:00:00Z
click,67,2020-02-16T00:00:00Z
coronavi,67,2020-02-16T00:00:00Z
impacted,67,2020-02-16T00:00:00Z
involved,67,2020-02-16T00:00:00Z
newly,67,2020-02-16T00:00:00Z
original,67,2020-02-16T00:00:00Z
picture,67,2020-02-16T00:00:00Z
raising,67,2020-02-16T00:00:00Z
realize,67,2020-02-16T00:00:00Z
retweet,67,2020-02-16T00:00:00Z
review,67,2020-02-16T00:00:00Z
risen,67,2020-02-16T00:00:00Z
sale,67,2020-02-16T00:00:00Z
search,67,2020-02-16T00:00:00Z
seek,67,2020-02-16T00:00:00Z
significant,67,2020-02-16T00:00:00Z
wanna,67,2020-02-16T00:00:00Z
accident,66,2020-02-16T00:00:00Z
burning,66,2020-02-16T00:00:00Z
coronavirusus,66,2020-02-16T00:00:00Z
cphocanada,66,2020-02-16T00:00:00Z
detected,66,2020-02-16T00:00:00Z
epicentre,66,2020-02-16T00:00:00Z
located,66,2020-02-16T00:00:00Z
ny,66,2020-02-16T00:00:00Z
omg,66,2020-02-16T00:00:00Z
origins,66,2020-02-16T00:00:00Z
photos,66,2020-02-16T00:00:00Z
purpose,66,2020-02-16T00:00:00Z
strange,66,2020-02-16T00:00:00Z
successful,66,2020-02-16T00:00:00Z
terrible,66,2020-02-16T00:00:00Z
thermometer,66,2020-02-16T00:00:00Z
todays,66,2020-02-16T00:00:00Z
ugly,66,2020-02-16T00:00:00Z
visited,66,2020-02-16T00:00:00Z
xhnews,66,2020-02-16T00:00:00Z
15th,65,2020-02-16T00:00:00Z
communism,65,2020-02-16T00:00:00Z
domestic,65,2020-02-16T00:00:00Z
easily,65,2020-02-16T00:00:00Z
ensure,65,2020-02-16T00:00:00Z
entry,65,2020-02-16T00:00:00Z
extra,65,2020-02-16T00:00:00Z
figure,65,2020-02-16T00:00:00Z
hotel,65,2020-02-16T00:00:00Z
increasing,65,2020-02-16T00:00:00Z
jobs,65,2020-02-16T00:00:00Z
jong,65,2020-02-16T00:00:00Z
loved,65,2020-02-16T00:00:00Z
mjswhitebread,65,2020-02-16T00:00:00Z
outlook,65,2020-02-16T00:00:00Z
page,65,2020-02-16T00:00:00Z
podcast,65,2020-02-16T00:00:00Z
samples,65,2020-02-16T00:00:00Z
shown,65,2020-02-16T00:00:00Z
tomcottonar,65,2020-02-16T00:00:00Z
ur,65,2020-02-16T00:00:00Z
26,64,2020-02-16T00:00:00Z
africans,64,2020-02-16T00:00:00Z
believed,64,2020-02-16T00:00:00Z
changed,64,2020-02-16T00:00:00Z
coughing,64,2020-02-16T00:00:00Z
defense,64,2020-02-16T00:00:00Z
enter,64,2020-02-16T00:00:00Z
essential,64,2020-02-16T00:00:00Z
investigation,64,2020-02-16T00:00:00Z
involvement,64,2020-02-16T00:00:00Z
jumped,64,2020-02-16T00:00:00Z
personal,64,2020-02-16T00:00:00Z
personally,64,2020-02-16T00:00:00Z
publicly,64,2020-02-16T00:00:00Z
target,64,2020-02-16T00:00:00Z
traveled,64,2020-02-16T00:00:00Z
withgt,64,2020-02-16T00:00:00Z
writes,64,2020-02-16T00:00:00Z
xu,64,2020-02-16T00:00:00Z
1670,63,2020-02-16T00:00:00Z
21,63,2020-02-16T00:00:00Z
blow,63,2020-02-16T00:00:00Z
borisjohnson,63,2020-02-16T00:00:00Z
build,63,2020-02-16T00:00:00Z
caution,63,2020-02-16T00:00:00Z
cleaning,63,2020-02-16T00:00:00Z
communities,63,2020-02-16T00:00:00Z
compared,63,2020-02-16T00:00:00Z
discuss,63,2020-02-16T00:00:00Z
elimination,63,2020-02-16T00:00:00Z
eu,63,2020-02-16T00:00:00Z
mackayim,63,2020-02-16T00:00:00Z
medics,63,2020-02-16T00:00:00Z
round,63,2020-02-16T00:00:00Z
unprecedented,63,2020-02-16T00:00:00Z
weird,63,2020-02-16T00:00:00Z
10000,62,2020-02-16T00:00:00Z
bed,62,2020-02-16T00:00:00Z
briefing,62,2020-02-16T00:00:00Z
carriers,62,2020-02-16T00:00:00Z
coronavirusstricken,62,2020-02-16T00:00:00Z
creating,62,2020-02-16T00:00:00Z
eventually,62,2020-02-16T00:00:00Z
forbes,62,2020-02-16T00:00:00Z
gas,62,2020-02-16T00:00:00Z
heat,62,2020-02-16T00:00:00Z
helps,62,2020-02-16T00:00:00Z
hoping,62,2020-02-16T00:00:00Z
legal,62,2020-02-16T00:00:00Z
los,62,2020-02-16T00:00:00Z
mapping,62,2020-02-16T00:00:00Z
miss,62,2020-02-16T00:00:00Z
ms,62,2020-02-16T00:00:00Z
narrative,62,2020-02-16T00:00:00Z
reveal,62,2020-02-16T00:00:00Z
road,62,2020-02-16T00:00:00Z
runs,62,2020-02-16T00:00:00Z
scenario,62,2020-02-16T00:00:00Z
scenarios,62,2020-02-16T00:00:00Z
shock,62,2020-02-16T00:00:00Z
specific,62,2020-02-16T00:00:00Z
ya,62,2020-02-16T00:00:00Z
youve,62,2020-02-16T00:00:00Z
56,61,2020-02-16T00:00:00Z
90,61,2020-02-16T00:00:00Z
arrest,61,2020-02-16T00:00:00Z
assist,61,2020-02-16T00:00:00Z
btw,61,2020-02-16T00:00:00Z
cbs,61,2020-02-16T00:00:00Z
darkness,61,2020-02-16T00:00:00Z
factory,61,2020-02-16T00:00:00Z
globaltimesnews,61,2020-02-16T00:00:00Z
guide,61,2020-02-16T00:00:00Z
initial,61,2020-02-16T00:00:00Z
learned,61,2020-02-16T00:00:00Z
medicines,61,2020-02-16T00:00:00Z
mom,61,2020-02-16T00:00:00Z
perspective,61,2020-02-16T00:00:00Z
rapid,61,2020-02-16T00:00:00Z
recover,61,2020-02-16T00:00:00Z
refused,61,2020-02-16T00:00:00Z
revenue,61,2020-02-16T00:00:00Z
spent,61,2020-02-16T00:00:00Z
stimulus,61,2020-02-16T00:00:00Z
telegraph,61,2020-02-16T00:00:00Z
vaccination,61,2020-02-16T00:00:00Z
weak,61,2020-02-16T00:00:00Z
youll,61,2020-02-16T00:00:00Z
antiviral,60,2020-02-16T00:00:00Z
birth,60,2020-02-16T00:00:00Z
boy,60,2020-02-16T00:00:00Z
bro,60,2020-02-16T00:00:00Z
comments,60,2020-02-16T00:00:00Z
coronavirusjapan,60,2020-02-16T00:00:00Z
decline,60,2020-02-16T00:00:00Z
excellent,60,2020-02-16T00:00:00Z
gloves,60,2020-02-16T00:00:00Z
gold,60,2020-02-16T00:00:00Z
informed,60,2020-02-16T00:00:00Z
jim,60,2020-02-16T00:00:00Z
journalists,60,2020-02-16T00:00:00Z
mount,60,2020-02-16T00:00:00Z
paid,60,2020-02-16T00:00:00Z
provinces,60,2020-02-16T00:00:00Z
qanon,60,2020-02-16T00:00:00Z
relationship,60,2020-02-16T00:00:00Z
stands,60,2020-02-16T00:00:00Z
status,60,2020-02-16T00:00:00Z
steps,60,2020-02-16T00:00:00Z
strategy,60,2020-02-16T00:00:00Z
whistleblower,60,2020-02-16T00:00:00Z
wide,60,2020-02-16T00:00:00Z
write,60,2020-02-16T00:00:00Z
wuflu,60,2020-02-16T00:00:00Z
2011,59,2020-02-16T00:00:00Z
airports,59,2020-02-16T00:00:00Z
basically,59,2020-02-16T00:00:00Z
buildings,59,2020-02-16T00:00:00Z
capital,59,2020-02-16T00:00:00Z
claimed,59,2020-02-16T00:00:00Z
consumption,59,2020-02-16T00:00:00Z
dance,59,2020-02-16T00:00:00Z
dangers,59,2020-02-16T00:00:00Z
declared,59,2020-02-16T00:00:00Z
forward,59,2020-02-16T00:00:00Z
hide,59,2020-02-16T00:00:00Z
holding,59,2020-02-16T00:00:00Z
kobe,59,2020-02-16T00:00:00Z
letting,59,2020-02-16T00:00:00Z
mention,59,2020-02-16T00:00:00Z
peak,59,2020-02-16T00:00:00Z
phase,59,2020-02-16T00:00:00Z
postponed,59,2020-02-16T00:00:00Z
prompts,59,2020-02-16T00:00:00Z
shocking,59,2020-02-16T00:00:00Z
stores,59,2020-02-16T00:00:00Z
suspended,59,2020-02-16T00:00:00Z
tracks,59,2020-02-16T00:00:00Z
34,58,2020-02-16T00:00:00Z
67000,58,2020-02-16T00:00:00Z
alarming,58,2020-02-16T00:00:00Z
angry,58,2020-02-16T00:00:00Z
approach,58,2020-02-16T00:00:00Z
claiming,58,2020-02-16T00:00:00Z
class,58,2020-02-16T00:00:00Z
crude,58,2020-02-16T00:00:00Z
debunked,58,2020-02-16T00:00:00Z
delayed,58,2020-02-16T00:00:00Z
emerging,58,2020-02-16T00:00:00Z
extended,58,2020-02-16T00:00:00Z
german,58,2020-02-16T00:00:00Z
income,58,2020-02-16T00:00:00Z
iphone,58,2020-02-16T00:00:00Z
levels,58,2020-02-16T00:00:00Z
maga,58,2020-02-16T00:00:00Z
moscow,58,2020-02-16T00:00:00Z
offers,58,2020-02-16T00:00:00Z
pdchina,58,2020-02-16T00:00:00Z
preparedness,58,2020-02-16T00:00:00Z
resident,58,2020-02-16T00:00:00Z
seasonal,58,2020-02-16T00:00:00Z
space,58,2020-02-16T00:00:00Z
species,58,2020-02-16T00:00:00Z
surrounding,58,2020-02-16T00:00:00Z
tale,58,2020-02-16T00:00:00Z
21yearold,57,2020-02-16T00:00:00Z
address,57,2020-02-16T00:00:00Z
affects,57,2020-02-16T00:00:00Z
ambassador,57,2020-02-16T00:00:00Z
army,57,2020-02-16T00:00:00Z
checked,57,2020-02-16T00:00:00Z
detection,57,2020-02-16T00:00:00Z
exercise,57,2020-02-16T00:00:00Z
exist,57,2020-02-16T00:00:00Z
finance,57,2020-02-16T00:00:00Z
finding,57,2020-02-16T00:00:00Z
incompetence,57,2020-02-16T00:00:00Z
ischinar,57,2020-02-16T00:00:00Z
journalist,57,2020-02-16T00:00:00Z
library,57,2020-02-16T00:00:00Z
meant,57,2020-02-16T00:00:00Z
movement,57,2020-02-16T00:00:00Z
patent,57,2020-02-16T00:00:00Z
quality,57,2020-02-16T00:00:00Z
records,57,2020-02-16T00:00:00Z
shared,57,2020-02-16T00:00:00Z
song,57,2020-02-16T00:00:00Z
streaming,57,2020-02-16T00:00:00Z
surveillance,57,2020-02-16T00:00:00Z
tedros,57,2020-02-16T00:00:00Z
ajenews,56,2020-02-16T00:00:00Z
carrier,56,2020-02-16T00:00:00Z
chinalies,56,2020-02-16T00:00:00Z
considered,56,2020-02-16T00:00:00Z
desperate,56,2020-02-16T00:00:00Z
disruption,56,2020-02-16T00:00:00Z
express,56,2020-02-16T00:00:00Z
factchecking,56,2020-02-16T00:00:00Z
hygiene,56,2020-02-16T00:00:00Z
inovio,56,2020-02-16T00:00:00Z
lessons,56,2020-02-16T00:00:00Z
pentagon,56,2020-02-16T00:00:00Z
pharma,56,2020-02-16T00:00:00Z
rally,56,2020-02-16T00:00:00Z
refuse,56,2020-02-16T00:00:00Z
required,56,2020-02-16T00:00:00Z
senior,56,2020-02-16T00:00:00Z
soda,56,2020-02-16T00:00:00Z
threatening,56,2020-02-16T00:00:00Z
trouble,56,2020-02-16T00:00:00Z
understanding,56,2020-02-16T00:00:00Z
universities,56,2020-02-16T00:00:00Z
usual,56,2020-02-16T00:00:00Z
1918,55,2020-02-16T00:00:00Z
2003,55,2020-02-16T00:00:00Z
35,55,2020-02-16T00:00:00Z
accused,55,2020-02-16T00:00:00Z
bus,55,2020-02-16T00:00:00Z
campaign,55,2020-02-16T00:00:00Z
ccps,55,2020-02-16T00:00:00Z
closer,55,2020-02-16T00:00:00Z
controlled,55,2020-02-16T00:00:00Z
coronavirusfacts,55,2020-02-16T00:00:00Z
genome,55,2020-02-16T00:00:00Z
guidance,55,2020-02-16T00:00:00Z
individual,55,2020-02-16T00:00:00Z
obvious,55,2020-02-16T00:00:00Z
popular,55,2020-02-16T00:00:00Z
reliable,55,2020-02-16T00:00:00Z
resource,55,2020-02-16T00:00:00Z
role,55,2020-02-16T00:00:00Z
skin,55,2020-02-16T00:00:00Z
slowing,55,2020-02-16T00:00:00Z
superlab,55,2020-02-16T00:00:00Z
threaten,55,2020-02-16T00:00:00Z
transmitted,55,2020-02-16T00:00:00Z
vehicles,55,2020-02-16T00:00:00Z
virushit,55,2020-02-16T00:00:00Z
worker,55,2020-02-16T00:00:00Z
ðŸ‘‡,54,2020-02-16T00:00:00Z
acute,54,2020-02-16T00:00:00Z
agnp,54,2020-02-16T00:00:00Z
aids,54,2020-02-16T00:00:00Z
alleged,54,2020-02-16T00:00:00Z
cdnpoli,54,2020-02-16T00:00:00Z
compare,54,2020-02-16T00:00:00Z
connection,54,2020-02-16T00:00:00Z
delay,54,2020-02-16T00:00:00Z
delays,54,2020-02-16T00:00:00Z
deploy,54,2020-02-16T00:00:00Z
fellow,54,2020-02-16T00:00:00Z
giant,54,2020-02-16T00:00:00Z
globalnews,54,2020-02-16T00:00:00Z
independent,54,2020-02-16T00:00:00Z
italy,54,2020-02-16T00:00:00Z
la,54,2020-02-16T00:00:00Z
platform,54,2020-02-16T00:00:00Z
product,54,2020-02-16T00:00:00Z
publicity,54,2020-02-16T00:00:00Z
rare,54,2020-02-16T00:00:00Z
refuses,54,2020-02-16T00:00:00Z
sold,54,2020-02-16T00:00:00Z
struggle,54,2020-02-16T00:00:00Z
studies,54,2020-02-16T00:00:00Z
urgent,54,2020-02-16T00:00:00Z
useless,54,2020-02-16T00:00:00Z
warm,54,2020-02-16T00:00:00Z
widely,54,2020-02-16T00:00:00Z
ðŸ‡ºðŸ‡¸,53,2020-02-16T00:00:00Z
active,53,2020-02-16T00:00:00Z
ajenglish,53,2020-02-16T00:00:00Z
chen,53,2020-02-16T00:00:00Z
confidence,53,2020-02-16T00:00:00Z
counts,53,2020-02-16T00:00:00Z
decades,53,2020-02-16T00:00:00Z
democracy,53,2020-02-16T00:00:00Z
division,53,2020-02-16T00:00:00Z
dollar,53,2020-02-16T00:00:00Z
education,53,2020-02-16T00:00:00Z
entering,53,2020-02-16T00:00:00Z
evening,53,2020-02-16T00:00:00Z
extreme,53,2020-02-16T00:00:00Z
eye,53,2020-02-16T00:00:00Z
familys,53,2020-02-16T00:00:00Z
fires,53,2020-02-16T00:00:00Z
forces,53,2020-02-16T00:00:00Z
h1n1,53,2020-02-16T00:00:00Z
honest,53,2020-02-16T00:00:00Z
livecrisisnews,53,2020-02-16T00:00:00Z
mariabartiromo,53,2020-02-16T00:00:00Z
mouth,53,2020-02-16T00:00:00Z
ncp,53,2020-02-16T00:00:00Z
prof,53,2020-02-16T00:00:00Z
sneeze,53,2020-02-16T00:00:00Z
son,53,2020-02-16T00:00:00Z
spy,53,2020-02-16T00:00:00Z
suicide,53,2020-02-16T00:00:00Z
swine,53,2020-02-16T00:00:00Z
tonight,53,2020-02-16T00:00:00Z
83,52,2020-02-16T00:00:00Z
antibodies,52,2020-02-16T00:00:00Z
approval,52,2020-02-16T00:00:00Z
arrival,52,2020-02-16T00:00:00Z
biolab,52,2020-02-16T00:00:00Z
busy,52,2020-02-16T00:00:00Z
cuts,52,2020-02-16T00:00:00Z
deserve,52,2020-02-16T00:00:00Z
dollars,52,2020-02-16T00:00:00Z
effectively,52,2020-02-16T00:00:00Z
hurt,52,2020-02-16T00:00:00Z
impacts,52,2020-02-16T00:00:00Z
male,52,2020-02-16T00:00:00Z
mohfwindia,52,2020-02-16T00:00:00Z
pastor,52,2020-02-16T00:00:00Z
project,52,2020-02-16T00:00:00Z
proper,52,2020-02-16T00:00:00Z
publichealth,52,2020-02-16T00:00:00Z
push,52,2020-02-16T00:00:00Z
reporter,52,2020-02-16T00:00:00Z
reporters,52,2020-02-16T00:00:00Z
sell,52,2020-02-16T00:00:00Z
speed,52,2020-02-16T00:00:00Z
starts,52,2020-02-16T00:00:00Z
struggling,52,2020-02-16T00:00:00Z
suffer,52,2020-02-16T00:00:00Z
suits,52,2020-02-16T00:00:00Z
talks,52,2020-02-16T00:00:00Z
unknowns,52,2020-02-16T00:00:00Z
vote,52,2020-02-16T00:00:00Z
zerohedge,52,2020-02-16T00:00:00Z
45,51,2020-02-16T00:00:00Z
admitted,51,2020-02-16T00:00:00Z
billgates,51,2020-02-16T00:00:00Z
cancer,51,2020-02-16T00:00:00Z
capacity,51,2020-02-16T00:00:00Z
chances,51,2020-02-16T00:00:00Z
clothes,51,2020-02-16T00:00:00Z
counter,51,2020-02-16T00:00:00Z
cripples,51,2020-02-16T00:00:00Z
cryptocurrency,51,2020-02-16T00:00:00Z
donald,51,2020-02-16T00:00:00Z
energy,51,2020-02-16T00:00:00Z
fang,51,2020-02-16T00:00:00Z
hopkins,51,2020-02-16T00:00:00Z
horrible,51,2020-02-16T00:00:00Z
hunan,51,2020-02-16T00:00:00Z
invented,51,2020-02-16T00:00:00Z
language,51,2020-02-16T00:00:00Z
mainstream,51,2020-02-16T00:00:00Z
myths,51,2020-02-16T00:00:00Z
proven,51,2020-02-16T00:00:00Z
respond,51,2020-02-16T00:00:00Z
russian,51,2020-02-16T00:00:00Z
significantly,51,2020-02-16T00:00:00Z
smh,51,2020-02-16T00:00:00Z
strict,51,2020-02-16T00:00:00Z
suddenly,51,2020-02-16T00:00:00Z
wasted,51,2020-02-16T00:00:00Z
ðŸ™,50,2020-02-16T00:00:00Z
20200216,50,2020-02-16T00:00:00Z
apartment,50,2020-02-16T00:00:00Z
asap,50,2020-02-16T00:00:00Z
awareness,50,2020-02-16T00:00:00Z
blaming,50,2020-02-16T00:00:00Z
brexit,50,2020-02-16T00:00:00Z
cctv,50,2020-02-16T00:00:00Z
closely,50,2020-02-16T00:00:00Z
comment,50,2020-02-16T00:00:00Z
coronarvirusoutbreak,50,2020-02-16T00:00:00Z
covered,50,2020-02-16T00:00:00Z
cries,50,2020-02-16T00:00:00Z
developments,50,2020-02-16T00:00:00Z
dirty,50,2020-02-16T00:00:00Z
double,50,2020-02-16T00:00:00Z
dumb,50,2020-02-16T00:00:00Z
gathering,50,2020-02-16T00:00:00Z
gotta,50,2020-02-16T00:00:00Z
heading,50,2020-02-16T00:00:00Z
hitting,50,2020-02-16T00:00:00Z
honestly,50,2020-02-16T00:00:00Z
itbp,50,2020-02-16T00:00:00Z
jokes,50,2020-02-16T00:00:00Z
launches,50,2020-02-16T00:00:00Z
lmao,50,2020-02-16T00:00:00Z
manage,50,2020-02-16T00:00:00Z
muslims,50,2020-02-16T00:00:00Z
pandemics,50,2020-02-16T00:00:00Z
paying,50,2020-02-16T00:00:00Z
permanently,50,2020-02-16T00:00:00Z
pick,50,2020-02-16T00:00:00Z
premiere,50,2020-02-16T00:00:00Z
raised,50,2020-02-16T00:00:00Z
scrapped,50,2020-02-16T00:00:00Z
sealed,50,2020-02-16T00:00:00Z
star,50,2020-02-16T00:00:00Z
suggesting,50,2020-02-16T00:00:00Z
teams,50,2020-02-16T00:00:00Z
transparency,50,2020-02-16T00:00:00Z
walking,50,2020-02-16T00:00:00Z
werent,50,2020-02-16T00:00:00Z
workfromhome,50,2020-02-16T00:00:00Z
xenophobia,50,2020-02-16T00:00:00Z
ðŸ¤£,49,2020-02-16T00:00:00Z
âž¡,49,2020-02-16T00:00:00Z
beer,49,2020-02-16T00:00:00Z
bless,49,2020-02-16T00:00:00Z
cells,49,2020-02-16T00:00:00Z
circulating,49,2020-02-16T00:00:00Z
consequences,49,2020-02-16T00:00:00Z
cool,49,2020-02-16T00:00:00Z
crowded,49,2020-02-16T00:00:00Z
destroying,49,2020-02-16T00:00:00Z
developing,49,2020-02-16T00:00:00Z
everyday,49,2020-02-16T00:00:00Z
funeral,49,2020-02-16T00:00:00Z
glad,49,2020-02-16T00:00:00Z
goats,49,2020-02-16T00:00:00Z
irresponsible,49,2020-02-16T00:00:00Z
lord,49,2020-02-16T00:00:00Z
losing,49,2020-02-16T00:00:00Z
loss,49,2020-02-16T00:00:00Z
modelers,49,2020-02-16T00:00:00Z
nys,49,2020-02-16T00:00:00Z
organizations,49,2020-02-16T00:00:00Z
perilofafrica,49,2020-02-16T00:00:00Z
prediction,49,2020-02-16T00:00:00Z
produce,49,2020-02-16T00:00:00Z
remedy,49,2020-02-16T00:00:00Z
row,49,2020-02-16T00:00:00Z
shuts,49,2020-02-16T00:00:00Z
temporarily,49,2020-02-16T00:00:00Z
topic,49,2020-02-16T00:00:00Z
uncertainty,49,2020-02-16T00:00:00Z
weekly,49,2020-02-16T00:00:00Z
welfare,49,2020-02-16T00:00:00Z
27,48,2020-02-16T00:00:00Z
280m,48,2020-02-16T00:00:00Z
abt,48,2020-02-16T00:00:00Z
agenda,48,2020-02-16T00:00:00Z
authority,48,2020-02-16T00:00:00Z
brit,48,2020-02-16T00:00:00Z
channel,48,2020-02-16T00:00:00Z
chart,48,2020-02-16T00:00:00Z
contacts,48,2020-02-16T00:00:00Z
district,48,2020-02-16T00:00:00Z
donate,48,2020-02-16T00:00:00Z
dude,48,2020-02-16T00:00:00Z
england,48,2020-02-16T00:00:00Z
enjoy,48,2020-02-16T00:00:00Z
exposes,48,2020-02-16T00:00:00Z
extend,48,2020-02-16T00:00:00Z
fan,48,2020-02-16T00:00:00Z
fauci,48,2020-02-16T00:00:00Z
fewer,48,2020-02-16T00:00:00Z
flawed,48,2020-02-16T00:00:00Z
forgot,48,2020-02-16T00:00:00Z
fresh,48,2020-02-16T00:00:00Z
genetically,48,2020-02-16T00:00:00Z
grace,48,2020-02-16T00:00:00Z
hearing,48,2020-02-16T00:00:00Z
holiday,48,2020-02-16T00:00:00Z
holy,48,2020-02-16T00:00:00Z
huawei,48,2020-02-16T00:00:00Z
ignorant,48,2020-02-16T00:00:00Z
infants,48,2020-02-16T00:00:00Z
kit,48,2020-02-16T00:00:00Z
larger,48,2020-02-16T00:00:00Z
luck,48,2020-02-16T00:00:00Z
met,48,2020-02-16T00:00:00Z
missed,48,2020-02-16T00:00:00Z
powerful,48,2020-02-16T00:00:00Z
practice,48,2020-02-16T00:00:00Z
praise,48,2020-02-16T00:00:00Z
refund,48,2020-02-16T00:00:00Z
rules,48,2020-02-16T00:00:00Z
solutions,48,2020-02-16T00:00:00Z
sort,48,2020-02-16T00:00:00Z
stick,48,2020-02-16T00:00:00Z
subject,48,2020-02-16T00:00:00Z
summary,48,2020-02-16T00:00:00Z
wuhanlockdown,48,2020-02-16T00:00:00Z
ðŸ‡¯ðŸ‡µ,47,2020-02-16T00:00:00Z
8228,47,2020-02-16T00:00:00Z
agent,47,2020-02-16T00:00:00Z
beautiful,47,2020-02-16T00:00:00Z
beds,47,2020-02-16T00:00:00Z
blue,47,2020-02-16T00:00:00Z
boat,47,2020-02-16T00:00:00Z
books,47,2020-02-16T00:00:00Z
buses,47,2020-02-16T00:00:00Z
censorship,47,2020-02-16T00:00:00Z
civil,47,2020-02-16T00:00:00Z
college,47,2020-02-16T00:00:00Z
crosses,47,2020-02-16T00:00:00Z
culture,47,2020-02-16T00:00:00Z
del,47,2020-02-16T00:00:00Z
deliver,47,2020-02-16T00:00:00Z
dramatic,47,2020-02-16T00:00:00Z
drink,47,2020-02-16T00:00:00Z
facemask,47,2020-02-16T00:00:00Z
fed,47,2020-02-16T00:00:00Z
festival,47,2020-02-16T00:00:00Z
firms,47,2020-02-16T00:00:00Z
gain,47,2020-02-16T00:00:00Z
gordongchang,47,2020-02-16T00:00:00Z
halcruises,47,2020-02-16T00:00:00Z
idiot,47,2020-02-16T00:00:00Z
ignore,47,2020-02-16T00:00:00Z
insurance,47,2020-02-16T00:00:00Z
kerala,47,2020-02-16T00:00:00Z
kongs,47,2020-02-16T00:00:00Z
lethal,47,2020-02-16T00:00:00Z
lockdowns,47,2020-02-16T00:00:00Z
lung,47,2020-02-16T00:00:00Z
machine,47,2020-02-16T00:00:00Z
martial,47,2020-02-16T00:00:00Z
measure,47,2020-02-16T00:00:00Z
moved,47,2020-02-16T00:00:00Z
mwc,47,2020-02-16T00:00:00Z
notoriously,47,2020-02-16T00:00:00Z
plant,47,2020-02-16T00:00:00Z
politicians,47,2020-02-16T00:00:00Z
quarter,47,2020-02-16T00:00:00Z
relations,47,2020-02-16T00:00:00Z
relevant,47,2020-02-16T00:00:00Z
ridiculous,47,2020-02-16T00:00:00Z
robots,47,2020-02-16T00:00:00Z
screen,47,2020-02-16T00:00:00Z
seeks,47,2020-02-16T00:00:00Z
sir,47,2020-02-16T00:00:00Z
sitting,47,2020-02-16T00:00:00Z
snake,47,2020-02-16T00:00:00Z
standard,47,2020-02-16T00:00:00Z
surely,47,2020-02-16T00:00:00Z
tory,47,2020-02-16T00:00:00Z
travellers,47,2020-02-16T00:00:00Z
valentines,47,2020-02-16T00:00:00Z
youd,47,2020-02-16T00:00:00Z
143,46,2020-02-16T00:00:00Z
2015,46,2020-02-16T00:00:00Z
2021,46,2020-02-16T00:00:00Z
600,46,2020-02-16T00:00:00Z
bakker,46,2020-02-16T00:00:00Z
burn,46,2020-02-16T00:00:00Z
continued,46,2020-02-16T00:00:00Z
delhipolice,46,2020-02-16T00:00:00Z
foxnews,46,2020-02-16T00:00:00Z
guidelines,46,2020-02-16T00:00:00Z
hongkongers,46,2020-02-16T00:00:00Z
hotels,46,2020-02-16T00:00:00Z
inspired,46,2020-02-16T00:00:00Z
justintrudeau,46,2020-02-16T00:00:00Z
mark,46,2020-02-16T00:00:00Z
mollyjongfast,46,2020-02-16T00:00:00Z
names,46,2020-02-16T00:00:00Z
neighborhood,46,2020-02-16T00:00:00Z
pharmaceutical,46,2020-02-16T00:00:00Z
raise,46,2020-02-16T00:00:00Z
receiving,46,2020-02-16T00:00:00Z
restaurant,46,2020-02-16T00:00:00Z
sectors,46,2020-02-16T00:00:00Z
sends,46,2020-02-16T00:00:00Z
spring,46,2020-02-16T00:00:00Z
surface,46,2020-02-16T00:00:00Z
suspicious,46,2020-02-16T00:00:00Z
thousand,46,2020-02-16T00:00:00Z
vessel,46,2020-02-16T00:00:00Z
wipe,46,2020-02-16T00:00:00Z
50000,45,2020-02-16T00:00:00Z
60s,45,2020-02-16T00:00:00Z
accept,45,2020-02-16T00:00:00Z
assembly,45,2020-02-16T00:00:00Z
battles,45,2020-02-16T00:00:00Z
believes,45,2020-02-16T00:00:00Z
berniesanders,45,2020-02-16T00:00:00Z
bsl4,45,2020-02-16T00:00:00Z
bullshit,45,2020-02-16T00:00:00Z
challenges,45,2020-02-16T00:00:00Z
colleagues,45,2020-02-16T00:00:00Z
denies,45,2020-02-16T00:00:00Z
describes,45,2020-02-16T00:00:00Z
detect,45,2020-02-16T00:00:00Z
donated,45,2020-02-16T00:00:00Z
drericding,45,2020-02-16T00:00:00Z
drinking,45,2020-02-16T00:00:00Z
environment,45,2020-02-16T00:00:00Z
estimates,45,2020-02-16T00:00:00Z
father,45,2020-02-16T00:00:00Z
firm,45,2020-02-16T00:00:00Z
jazeera,45,2020-02-16T00:00:00Z
mlipsitch,45,2020-02-16T00:00:00Z
monitoring,45,2020-02-16T00:00:00Z
munsecconf,45,2020-02-16T00:00:00Z
network,45,2020-02-16T00:00:00Z
ordinary,45,2020-02-16T00:00:00Z
properly,45,2020-02-16T00:00:00Z
radio,45,2020-02-16T00:00:00Z
southeast,45,2020-02-16T00:00:00Z
spikes,45,2020-02-16T00:00:00Z
station,45,2020-02-16T00:00:00Z
text,45,2020-02-16T00:00:00Z
thriller,45,2020-02-16T00:00:00Z
types,45,2020-02-16T00:00:00Z
walmart,45,2020-02-16T00:00:00Z
1843,44,2020-02-16T00:00:00Z
80yearold,44,2020-02-16T00:00:00Z
average,44,2020-02-16T00:00:00Z
britains,44,2020-02-16T00:00:00Z
bunch,44,2020-02-16T00:00:00Z
ccpchina,44,2020-02-16T00:00:00Z
chernobyl,44,2020-02-16T00:00:00Z
corrupt,44,2020-02-16T00:00:00Z
creates,44,2020-02-16T00:00:00Z
ct,44,2020-02-16T00:00:00Z
cuz,44,2020-02-16T00:00:00Z
de,44,2020-02-16T00:00:00Z
diagnostic,44,2020-02-16T00:00:00Z
disappeared,44,2020-02-16T00:00:00Z
discussion,44,2020-02-16T00:00:00Z
disinformation,44,2020-02-16T00:00:00Z
dog,44,2020-02-16T00:00:00Z
driving,44,2020-02-16T00:00:00Z
fatal,44,2020-02-16T00:00:00Z
fiscal,44,2020-02-16T00:00:00Z
germs,44,2020-02-16T00:00:00Z
halt,44,2020-02-16T00:00:00Z
harm,44,2020-02-16T00:00:00Z
icymi,44,2020-02-16T00:00:00Z
innocent,44,2020-02-16T00:00:00Z
insane,44,2020-02-16T00:00:00Z
leak,44,2020-02-16T00:00:00Z
manufactured,44,2020-02-16T00:00:00Z
meaning,44,2020-02-16T00:00:00Z
operations,44,2020-02-16T00:00:00Z
pet,44,2020-02-16T00:00:00Z
proves,44,2020-02-16T00:00:00Z
revolution,44,2020-02-16T00:00:00Z
shadow,44,2020-02-16T00:00:00Z
shares,44,2020-02-16T00:00:00Z
sit,44,2020-02-16T00:00:00Z
stopping,44,2020-02-16T00:00:00Z
tackling,44,2020-02-16T00:00:00Z
thursday,44,2020-02-16T00:00:00Z
travelling,44,2020-02-16T00:00:00Z
vast,44,2020-02-16T00:00:00Z
walk,44,2020-02-16T00:00:00Z
wars,44,2020-02-16T00:00:00Z
ðŸ˜³,43,2020-02-16T00:00:00Z
1671,43,2020-02-16T00:00:00Z
adds,43,2020-02-16T00:00:00Z
availability,43,2020-02-16T00:00:00Z
bbcnews,43,2020-02-16T00:00:00Z
bryant,43,2020-02-16T00:00:00Z
buffalo,43,2020-02-16T00:00:00Z
chemical,43,2020-02-16T00:00:00Z
closing,43,2020-02-16T00:00:00Z
computer,43,2020-02-16T00:00:00Z
conferences,43,2020-02-16T00:00:00Z
context,43,2020-02-16T00:00:00Z
coronovirus,43,2020-02-16T00:00:00Z
crematoriums,43,2020-02-16T00:00:00Z
cross,43,2020-02-16T00:00:00Z
disgusting,43,2020-02-16T00:00:00Z
disinfect,43,2020-02-16T00:00:00Z
disinfecting,43,2020-02-16T00:00:00Z
earnings,43,2020-02-16T00:00:00Z
fault,43,2020-02-16T00:00:00Z
fund,43,2020-02-16T00:00:00Z
gmt,43,2020-02-16T00:00:00Z
headteachers,43,2020-02-16T00:00:00Z
internal,43,2020-02-16T00:00:00Z
isolate,43,2020-02-16T00:00:00Z
letter,43,2020-02-16T00:00:00Z
materials,43,2020-02-16T00:00:00Z
minute,43,2020-02-16T00:00:00Z
parties,43,2020-02-16T00:00:00Z
pathogen,43,2020-02-16T00:00:00Z
posting,43,2020-02-16T00:00:00Z
prejudice,43,2020-02-16T00:00:00Z
quiet,43,2020-02-16T00:00:00Z
realities,43,2020-02-16T00:00:00Z
sat,43,2020-02-16T00:00:00Z
selfquarantine,43,2020-02-16T00:00:00Z
shop,43,2020-02-16T00:00:00Z
srilanka,43,2020-02-16T00:00:00Z
stayed,43,2020-02-16T00:00:00Z
stress,43,2020-02-16T00:00:00Z
timing,43,2020-02-16T00:00:00Z
toilet,43,2020-02-16T00:00:00Z
trading,43,2020-02-16T00:00:00Z
volunteers,43,2020-02-16T00:00:00Z
worrying,43,2020-02-16T00:00:00Z
wuhanflu,43,2020-02-16T00:00:00Z
ðŸ‘‰,42,2020-02-16T00:00:00Z
83yearold,42,2020-02-16T00:00:00Z
abel,42,2020-02-16T00:00:00Z
agency,42,2020-02-16T00:00:00Z
aka,42,2020-02-16T00:00:00Z
antonio,42,2020-02-16T00:00:00Z
apply,42,2020-02-16T00:00:00Z
boris,42,2020-02-16T00:00:00Z
cell,42,2020-02-16T00:00:00Z
checks,42,2020-02-16T00:00:00Z
committee,42,2020-02-16T00:00:00Z
cooperation,42,2020-02-16T00:00:00Z
criminal,42,2020-02-16T00:00:00Z
dad,42,2020-02-16T00:00:00Z
europes,42,2020-02-16T00:00:00Z
explained,42,2020-02-16T00:00:00Z
film,42,2020-02-16T00:00:00Z
florida,42,2020-02-16T00:00:00Z
foot,42,2020-02-16T00:00:00Z
hashtag,42,2020-02-16T00:00:00Z
hospitalised,42,2020-02-16T00:00:00Z
identify,42,2020-02-16T00:00:00Z
idiots,42,2020-02-16T00:00:00Z
image,42,2020-02-16T00:00:00Z
johns,42,2020-02-16T00:00:00Z
kenya,42,2020-02-16T00:00:00Z
marathon,42,2020-02-16T00:00:00Z
monopoly,42,2020-02-16T00:00:00Z
nbc,42,2020-02-16T00:00:00Z
nonsense,42,2020-02-16T00:00:00Z
operator,42,2020-02-16T00:00:00Z
policies,42,2020-02-16T00:00:00Z
professionals,42,2020-02-16T00:00:00Z
regions,42,2020-02-16T00:00:00Z
rose,42,2020-02-16T00:00:00Z
roughly,42,2020-02-16T00:00:00Z
rumor,42,2020-02-16T00:00:00Z
scottmorrisonmp,42,2020-02-16T00:00:00Z
shopping,42,2020-02-16T00:00:00Z
spending,42,2020-02-16T00:00:00Z
suggested,42,2020-02-16T00:00:00Z
surprise,42,2020-02-16T00:00:00Z
syndrome,42,2020-02-16T00:00:00Z
tips,42,2020-02-16T00:00:00Z
tissue,42,2020-02-16T00:00:00Z
watched,42,2020-02-16T00:00:00Z
wuhanoutbreak,42,2020-02-16T00:00:00Z
zhangrun,42,2020-02-16T00:00:00Z
zone,42,2020-02-16T00:00:00Z
1000bed,41,2020-02-16T00:00:00Z
247,41,2020-02-16T00:00:00Z
33,41,2020-02-16T00:00:00Z
3700,41,2020-02-16T00:00:00Z
5th,41,2020-02-16T00:00:00Z
activity,41,2020-02-16T00:00:00Z
block,41,2020-02-16T00:00:00Z
cargo,41,2020-02-16T00:00:00Z
contaminated,41,2020-02-16T00:00:00Z
controlling,41,2020-02-16T00:00:00Z
coronavirusupdates,41,2020-02-16T00:00:00Z
corvid19,41,2020-02-16T00:00:00Z
criticism,41,2020-02-16T00:00:00Z
desperation,41,2020-02-16T00:00:00Z
developers,41,2020-02-16T00:00:00Z
disappear,41,2020-02-16T00:00:00Z
drones,41,2020-02-16T00:00:00Z
engineering,41,2020-02-16T00:00:00Z
evacuations,41,2020-02-16T00:00:00Z
exports,41,2020-02-16T00:00:00Z
feed,41,2020-02-16T00:00:00Z
fiction,41,2020-02-16T00:00:00Z
foundation,41,2020-02-16T00:00:00Z
implications,41,2020-02-16T00:00:00Z
iran,41,2020-02-16T00:00:00Z
leads,41,2020-02-16T00:00:00Z
leaves,41,2020-02-16T00:00:00Z
mutation,41,2020-02-16T00:00:00Z
ncov19,41,2020-02-16T00:00:00Z
nose,41,2020-02-16T00:00:00Z
observation,41,2020-02-16T00:00:00Z
october,41,2020-02-16T00:00:00Z
package,41,2020-02-16T00:00:00Z
pharmaceuticals,41,2020-02-16T00:00:00Z
ports,41,2020-02-16T00:00:00Z
preventing,41,2020-02-16T00:00:00Z
progress,41,2020-02-16T00:00:00Z
republic,41,2020-02-16T00:00:00Z
rid,41,2020-02-16T00:00:00Z
saved,41,2020-02-16T00:00:00Z
skynews,41,2020-02-16T00:00:00Z
snakes,41,2020-02-16T00:00:00Z
solomonyue,41,2020-02-16T00:00:00Z
stricken,41,2020-02-16T00:00:00Z
survival,41,2020-02-16T00:00:00Z
totals,41,2020-02-16T00:00:00Z
transport,41,2020-02-16T00:00:00Z
trial,41,2020-02-16T00:00:00Z
trigger,41,2020-02-16T00:00:00Z
tuesday,41,2020-02-16T00:00:00Z
twothirds,41,2020-02-16T00:00:00Z
union,41,2020-02-16T00:00:00Z
visitors,41,2020-02-16T00:00:00Z
washingtonpost,41,2020-02-16T00:00:00Z
æ­¦æ±‰è‚ºç‚Ž,40,2020-02-16T00:00:00Z
1000th,40,2020-02-16T00:00:00Z
31,40,2020-02-16T00:00:00Z
accidentally,40,2020-02-16T00:00:00Z
activities,40,2020-02-16T00:00:00Z
aircraft,40,2020-02-16T00:00:00Z
amidst,40,2020-02-16T00:00:00Z
assume,40,2020-02-16T00:00:00Z
bay,40,2020-02-16T00:00:00Z
bbcworld,40,2020-02-16T00:00:00Z
bid,40,2020-02-16T00:00:00Z
boss,40,2020-02-16T00:00:00Z
breathing,40,2020-02-16T00:00:00Z
bs,40,2020-02-16T00:00:00Z
chicken,40,2020-02-16T00:00:00Z
choose,40,2020-02-16T00:00:00Z
confined,40,2020-02-16T00:00:00Z
content,40,2020-02-16T00:00:00Z
continent,40,2020-02-16T00:00:00Z
costs,40,2020-02-16T00:00:00Z
defends,40,2020-02-16T00:00:00Z
drive,40,2020-02-16T00:00:00Z
feared,40,2020-02-16T00:00:00Z
forever,40,2020-02-16T00:00:00Z
heads,40,2020-02-16T00:00:00Z
heavy,40,2020-02-16T00:00:00Z
illegal,40,2020-02-16T00:00:00Z
imports,40,2020-02-16T00:00:00Z
iphones,40,2020-02-16T00:00:00Z
jinpings,40,2020-02-16T00:00:00Z
launched,40,2020-02-16T00:00:00Z
limit,40,2020-02-16T00:00:00Z
macau,40,2020-02-16T00:00:00Z
messages,40,2020-02-16T00:00:00Z
motoko,40,2020-02-16T00:00:00Z
pickup,40,2020-02-16T00:00:00Z
plants,40,2020-02-16T00:00:00Z
practices,40,2020-02-16T00:00:00Z
promote,40,2020-02-16T00:00:00Z
protected,40,2020-02-16T00:00:00Z
pushing,40,2020-02-16T00:00:00Z
reminder,40,2020-02-16T00:00:00Z
sky,40,2020-02-16T00:00:00Z
smoke,40,2020-02-16T00:00:00Z
style,40,2020-02-16T00:00:00Z
taiwanese,40,2020-02-16T00:00:00Z
tens,40,2020-02-16T00:00:00Z
tip,40,2020-02-16T00:00:00Z
toronto,40,2020-02-16T00:00:00Z
unable,40,2020-02-16T00:00:00Z
visiting,40,2020-02-16T00:00:00Z
waste,40,2020-02-16T00:00:00Z
writing,40,2020-02-16T00:00:00Z
wuhancoronovirus,40,2020-02-16T00:00:00Z
9news,39,2020-02-16T00:00:00Z
antibiotics,39,2020-02-16T00:00:00Z
auspol,39,2020-02-16T00:00:00Z
buttons,39,2020-02-16T00:00:00Z
centres,39,2020-02-16T00:00:00Z
committed,39,2020-02-16T00:00:00Z
complex,39,2020-02-16T00:00:00Z
concentration,39,2020-02-16T00:00:00Z
conducted,39,2020-02-16T00:00:00Z
controls,39,2020-02-16T00:00:00Z
curious,39,2020-02-16T00:00:00Z
dec,39,2020-02-16T00:00:00Z
disturbing,39,2020-02-16T00:00:00Z
dna,39,2020-02-16T00:00:00Z
edge,39,2020-02-16T00:00:00Z
faced,39,2020-02-16T00:00:00Z
fiat,39,2020-02-16T00:00:00Z
floating,39,2020-02-16T00:00:00Z
footage,39,2020-02-16T00:00:00Z
ft,39,2020-02-16T00:00:00Z
hastilyconstructed,39,2020-02-16T00:00:00Z
hazmat,39,2020-02-16T00:00:00Z
heathrow,39,2020-02-16T00:00:00Z
kinda,39,2020-02-16T00:00:00Z
matters,39,2020-02-16T00:00:00Z
max,39,2020-02-16T00:00:00Z
mishandling,39,2020-02-16T00:00:00Z
mum,39,2020-02-16T00:00:00Z
mutated,39,2020-02-16T00:00:00Z
pain,39,2020-02-16T00:00:00Z
prepares,39,2020-02-16T00:00:00Z
protocols,39,2020-02-16T00:00:00Z
recounts,39,2020-02-16T00:00:00Z
resume,39,2020-02-16T00:00:00Z
scenes,39,2020-02-16T00:00:00Z
shifting,39,2020-02-16T00:00:00Z
shutdown,39,2020-02-16T00:00:00Z
size,39,2020-02-16T00:00:00Z
slightly,39,2020-02-16T00:00:00Z
solve,39,2020-02-16T00:00:00Z
soup,39,2020-02-16T00:00:00Z
strains,39,2020-02-16T00:00:00Z
straits,39,2020-02-16T00:00:00Z
stronger,39,2020-02-16T00:00:00Z
tracker,39,2020-02-16T00:00:00Z
training,39,2020-02-16T00:00:00Z
urges,39,2020-02-16T00:00:00Z
ward,39,2020-02-16T00:00:00Z
addition,38,2020-02-16T00:00:00Z
agencies,38,2020-02-16T00:00:00Z
annual,38,2020-02-16T00:00:00Z
antibody,38,2020-02-16T00:00:00Z
artificial,38,2020-02-16T00:00:00Z
assistance,38,2020-02-16T00:00:00Z
biosafety,38,2020-02-16T00:00:00Z
biotech,38,2020-02-16T00:00:00Z
born,38,2020-02-16T00:00:00Z
broadcast,38,2020-02-16T00:00:00Z
broke,38,2020-02-16T00:00:00Z
btc,38,2020-02-16T00:00:00Z
century,38,2020-02-16T00:00:00Z
cgtnofficial,38,2020-02-16T00:00:00Z
chaos,38,2020-02-16T00:00:00Z
checking,38,2020-02-16T00:00:00Z
chinadaily,38,2020-02-16T00:00:00Z
corruption,38,2020-02-16T00:00:00Z
crackdown,38,2020-02-16T00:00:00Z
crime,38,2020-02-16T00:00:00Z
cripple,38,2020-02-16T00:00:00Z
deliberately,38,2020-02-16T00:00:00Z
democrats,38,2020-02-16T00:00:00Z
direction,38,2020-02-16T00:00:00Z
drdenagrayson,38,2020-02-16T00:00:00Z
economies,38,2020-02-16T00:00:00Z
emerged,38,2020-02-16T00:00:00Z
eugenics,38,2020-02-16T00:00:00Z
fakenews,38,2020-02-16T00:00:00Z
heroes,38,2020-02-16T00:00:00Z
indias,38,2020-02-16T00:00:00Z
laboratories,38,2020-02-16T00:00:00Z
lesson,38,2020-02-16T00:00:00Z
looked,38,2020-02-16T00:00:00Z
manufacturers,38,2020-02-16T00:00:00Z
mental,38,2020-02-16T00:00:00Z
microscope,38,2020-02-16T00:00:00Z
mission,38,2020-02-16T00:00:00Z
naturally,38,2020-02-16T00:00:00Z
nigerians,38,2020-02-16T00:00:00Z
noticed,38,2020-02-16T00:00:00Z
novelcoronavirus,38,2020-02-16T00:00:00Z
occurs,38,2020-02-16T00:00:00Z
pathogens,38,2020-02-16T00:00:00Z
paulmozur,38,2020-02-16T00:00:00Z
perpetualmaniac,38,2020-02-16T00:00:00Z
precautionary,38,2020-02-16T00:00:00Z
prison,38,2020-02-16T00:00:00Z
providing,38,2020-02-16T00:00:00Z
removed,38,2020-02-16T00:00:00Z
sadly,38,2020-02-16T00:00:00Z
saudi,38,2020-02-16T00:00:00Z
slowdown,38,2020-02-16T00:00:00Z
snow,38,2020-02-16T00:00:00Z
speculation,38,2020-02-16T00:00:00Z
stable,38,2020-02-16T00:00:00Z
sundaythoughts,38,2020-02-16T00:00:00Z
terms,38,2020-02-16T00:00:00Z
thehill,38,2020-02-16T00:00:00Z
tho,38,2020-02-16T00:00:00Z
tops,38,2020-02-16T00:00:00Z
unthinkable,38,2020-02-16T00:00:00Z
uyghur,38,2020-02-16T00:00:00Z
vitamin,38,2020-02-16T00:00:00Z
wahun,38,2020-02-16T00:00:00Z
wartime,38,2020-02-16T00:00:00Z
wenliang,38,2020-02-16T00:00:00Z
xiao,38,2020-02-16T00:00:00Z
yuan,38,2020-02-16T00:00:00Z
1765,37,2020-02-16T00:00:00Z
285,37,2020-02-16T00:00:00Z
57,37,2020-02-16T00:00:00Z
admit,37,2020-02-16T00:00:00Z
advised,37,2020-02-16T00:00:00Z
allah,37,2020-02-16T00:00:00Z
art,37,2020-02-16T00:00:00Z
bigtree,37,2020-02-16T00:00:00Z
cambodian,37,2020-02-16T00:00:00Z
cfr,37,2020-02-16T00:00:00Z
chose,37,2020-02-16T00:00:00Z
comparison,37,2020-02-16T00:00:00Z
daniel,37,2020-02-16T00:00:00Z
decisions,37,2020-02-16T00:00:00Z
despair,37,2020-02-16T00:00:00Z
distributed,37,2020-02-16T00:00:00Z
drastically,37,2020-02-16T00:00:00Z
dream,37,2020-02-16T00:00:00Z
exponential,37,2020-02-16T00:00:00Z
fail,37,2020-02-16T00:00:00Z
fill,37,2020-02-16T00:00:00Z
fix,37,2020-02-16T00:00:00Z
fool,37,2020-02-16T00:00:00Z
foothold,37,2020-02-16T00:00:00Z
forecast,37,2020-02-16T00:00:00Z
funded,37,2020-02-16T00:00:00Z
gear,37,2020-02-16T00:00:00Z
haydenblack,37,2020-02-16T00:00:00Z
industries,37,2020-02-16T00:00:00Z
inflation,37,2020-02-16T00:00:00Z
insists,37,2020-02-16T00:00:00Z
itll,37,2020-02-16T00:00:00Z
knocking,37,2020-02-16T00:00:00Z
kuala,37,2020-02-16T00:00:00Z
locks,37,2020-02-16T00:00:00Z
maintain,37,2020-02-16T00:00:00Z
mayor,37,2020-02-16T00:00:00Z
med,37,2020-02-16T00:00:00Z
method,37,2020-02-16T00:00:00Z
mexico,37,2020-02-16T00:00:00Z
misterantibully,37,2020-02-16T00:00:00Z
mix,37,2020-02-16T00:00:00Z
models,37,2020-02-16T00:00:00Z
option,37,2020-02-16T00:00:00Z
posts,37,2020-02-16T00:00:00Z
ppe,37,2020-02-16T00:00:00Z
prior,37,2020-02-16T00:00:00Z
property,37,2020-02-16T00:00:00Z
pulls,37,2020-02-16T00:00:00Z
rabbi,37,2020-02-16T00:00:00Z
raw,37,2020-02-16T00:00:00Z
rely,37,2020-02-16T00:00:00Z
richard,37,2020-02-16T00:00:00Z
sanitize,37,2020-02-16T00:00:00Z
sports,37,2020-02-16T00:00:00Z
stated,37,2020-02-16T00:00:00Z
ticket,37,2020-02-16T00:00:00Z
translation,37,2020-02-16T00:00:00Z
triggers,37,2020-02-16T00:00:00Z
worship,37,2020-02-16T00:00:00Z
ðŸ˜­,36,2020-02-16T00:00:00Z
1219,36,2020-02-16T00:00:00Z
2017,36,2020-02-16T00:00:00Z
3000yearold,36,2020-02-16T00:00:00Z
32,36,2020-02-16T00:00:00Z
9419,36,2020-02-16T00:00:00Z
99,36,2020-02-16T00:00:00Z
bin,36,2020-02-16T00:00:00Z
boost,36,2020-02-16T00:00:00Z
broken,36,2020-02-16T00:00:00Z
bug,36,2020-02-16T00:00:00Z
carrie,36,2020-02-16T00:00:00Z
choice,36,2020-02-16T00:00:00Z
closure,36,2020-02-16T00:00:00Z
confident,36,2020-02-16T00:00:00Z
cope,36,2020-02-16T00:00:00Z
denied,36,2020-02-16T00:00:00Z
disinfectant,36,2020-02-16T00:00:00Z
disinfects,36,2020-02-16T00:00:00Z
dock,36,2020-02-16T00:00:00Z
eastern,36,2020-02-16T00:00:00Z
essentially,36,2020-02-16T00:00:00Z
estimate,36,2020-02-16T00:00:00Z
extinction,36,2020-02-16T00:00:00Z
hack,36,2020-02-16T00:00:00Z
hoax,36,2020-02-16T00:00:00Z
imposed,36,2020-02-16T00:00:00Z
jerusalem,36,2020-02-16T00:00:00Z
mailonline,36,2020-02-16T00:00:00Z
ministers,36,2020-02-16T00:00:00Z
mistake,36,2020-02-16T00:00:00Z
nationwide,36,2020-02-16T00:00:00Z
netflix,36,2020-02-16T00:00:00Z
nicholas,36,2020-02-16T00:00:00Z
overreaction,36,2020-02-16T00:00:00Z
prc,36,2020-02-16T00:00:00Z
prefecture,36,2020-02-16T00:00:00Z
prepping,36,2020-02-16T00:00:00Z
priority,36,2020-02-16T00:00:00Z
provincial,36,2020-02-16T00:00:00Z
revealing,36,2020-02-16T00:00:00Z
sample,36,2020-02-16T00:00:00Z
scheduled,36,2020-02-16T00:00:00Z
seattle,36,2020-02-16T00:00:00Z
secondary,36,2020-02-16T00:00:00Z
sequence,36,2020-02-16T00:00:00Z
slowly,36,2020-02-16T00:00:00Z
sounding,36,2020-02-16T00:00:00Z
southern,36,2020-02-16T00:00:00Z
spot,36,2020-02-16T00:00:00Z
spraying,36,2020-02-16T00:00:00Z
stephenmcdonell,36,2020-02-16T00:00:00Z
uber,36,2020-02-16T00:00:00Z
uks,36,2020-02-16T00:00:00Z
unreliable,36,2020-02-16T00:00:00Z
urged,36,2020-02-16T00:00:00Z
wfp,36,2020-02-16T00:00:00Z
wind,36,2020-02-16T00:00:00Z
yo,36,2020-02-16T00:00:00Z
46,35,2020-02-16T00:00:00Z
abandon,35,2020-02-16T00:00:00Z
abe,35,2020-02-16T00:00:00Z
alternative,35,2020-02-16T00:00:00Z
angeles,35,2020-02-16T00:00:00Z
bottom,35,2020-02-16T00:00:00Z
cabin,35,2020-02-16T00:00:00Z
charge,35,2020-02-16T00:00:00Z
chinazi,35,2020-02-16T00:00:00Z
clinic,35,2020-02-16T00:00:00Z
code,35,2020-02-16T00:00:00Z
collected,35,2020-02-16T00:00:00Z
computers,35,2020-02-16T00:00:00Z
connected,35,2020-02-16T00:00:00Z
controversy,35,2020-02-16T00:00:00Z
coronavavirus,35,2020-02-16T00:00:00Z
coronaviruswho,35,2020-02-16T00:00:00Z
coronavius,35,2020-02-16T00:00:00Z
coz,35,2020-02-16T00:00:00Z
crucial,35,2020-02-16T00:00:00Z
demands,35,2020-02-16T00:00:00Z
doors,35,2020-02-16T00:00:00Z
err,35,2020-02-16T00:00:00Z
factor,35,2020-02-16T00:00:00Z
floods,35,2020-02-16T00:00:00Z
gods,35,2020-02-16T00:00:00Z
headed,35,2020-02-16T00:00:00Z
hells,35,2020-02-16T00:00:00Z
hidden,35,2020-02-16T00:00:00Z
inaction,35,2020-02-16T00:00:00Z
includes,35,2020-02-16T00:00:00Z
infrastructure,35,2020-02-16T00:00:00Z
johnson,35,2020-02-16T00:00:00Z
kato,35,2020-02-16T00:00:00Z
lucky,35,2020-02-16T00:00:00Z
lumpur,35,2020-02-16T00:00:00Z
occurred,35,2020-02-16T00:00:00Z
ocean,35,2020-02-16T00:00:00Z
opportunities,35,2020-02-16T00:00:00Z
passing,35,2020-02-16T00:00:00Z
ratio,35,2020-02-16T00:00:00Z
realtime,35,2020-02-16T00:00:00Z
relief,35,2020-02-16T00:00:00Z
sciences,35,2020-02-16T00:00:00Z
secretary,35,2020-02-16T00:00:00Z
sector,35,2020-02-16T00:00:00Z
socialism,35,2020-02-16T00:00:00Z
specifically,35,2020-02-16T00:00:00Z
standing,35,2020-02-16T00:00:00Z
suit,35,2020-02-16T00:00:00Z
symptom,35,2020-02-16T00:00:00Z
targets,35,2020-02-16T00:00:00Z
tweeted,35,2020-02-16T00:00:00Z
unite,35,2020-02-16T00:00:00Z
universal,35,2020-02-16T00:00:00Z
virtual,35,2020-02-16T00:00:00Z
wan,35,2020-02-16T00:00:00Z
âž¡ï¸,34,2020-02-16T00:00:00Z
accidental,34,2020-02-16T00:00:00Z
approved,34,2020-02-16T00:00:00Z
assess,34,2020-02-16T00:00:00Z
auto,34,2020-02-16T00:00:00Z
bangladesh,34,2020-02-16T00:00:00Z
behavior,34,2020-02-16T00:00:00Z
beijings,34,2020-02-16T00:00:00Z
benefit,34,2020-02-16T00:00:00Z
brother,34,2020-02-16T00:00:00Z
capable,34,2020-02-16T00:00:00Z
cent,34,2020-02-16T00:00:00Z
checkpoints,34,2020-02-16T00:00:00Z
communists,34,2020-02-16T00:00:00Z
cutting,34,2020-02-16T00:00:00Z
declares,34,2020-02-16T00:00:00Z
dept,34,2020-02-16T00:00:00Z
destruction,34,2020-02-16T00:00:00Z
drivers,34,2020-02-16T00:00:00Z
economist,34,2020-02-16T00:00:00Z
entered,34,2020-02-16T00:00:00Z
enters,34,2020-02-16T00:00:00Z
epidemiologist,34,2020-02-16T00:00:00Z
fair,34,2020-02-16T00:00:00Z
faith,34,2020-02-16T00:00:00Z
fans,34,2020-02-16T00:00:00Z
fb,34,2020-02-16T00:00:00Z
fights,34,2020-02-16T00:00:00Z
fm,34,2020-02-16T00:00:00Z
grand,34,2020-02-16T00:00:00Z
hkers,34,2020-02-16T00:00:00Z
hopes,34,2020-02-16T00:00:00Z
housing,34,2020-02-16T00:00:00Z
ignorance,34,2020-02-16T00:00:00Z
justice,34,2020-02-16T00:00:00Z
managing,34,2020-02-16T00:00:00Z
mike,34,2020-02-16T00:00:00Z
nearby,34,2020-02-16T00:00:00Z
ontario,34,2020-02-16T00:00:00Z
originally,34,2020-02-16T00:00:00Z
outlines,34,2020-02-16T00:00:00Z
plz,34,2020-02-16T00:00:00Z
politico,34,2020-02-16T00:00:00Z
poses,34,2020-02-16T00:00:00Z
produced,34,2020-02-16T00:00:00Z
profit,34,2020-02-16T00:00:00Z
provided,34,2020-02-16T00:00:00Z
ran,34,2020-02-16T00:00:00Z
reinfected,34,2020-02-16T00:00:00Z
returnees,34,2020-02-16T00:00:00Z
rip,34,2020-02-16T00:00:00Z
sacrifice,34,2020-02-16T00:00:00Z
setting,34,2020-02-16T00:00:00Z
steve,34,2020-02-16T00:00:00Z
supporting,34,2020-02-16T00:00:00Z
surprising,34,2020-02-16T00:00:00Z
theworldisy,34,2020-02-16T00:00:00Z
threats,34,2020-02-16T00:00:00Z
uighurs,34,2020-02-16T00:00:00Z
weaponized,34,2020-02-16T00:00:00Z
yellow,34,2020-02-16T00:00:00Z
100000,33,2020-02-16T00:00:00Z
14000,33,2020-02-16T00:00:00Z
201,33,2020-02-16T00:00:00Z
2018,33,2020-02-16T00:00:00Z
aichi,33,2020-02-16T00:00:00Z
airline,33,2020-02-16T00:00:00Z
anti,33,2020-02-16T00:00:00Z
ap,33,2020-02-16T00:00:00Z
appeared,33,2020-02-16T00:00:00Z
audits,33,2020-02-16T00:00:00Z
bacteria,33,2020-02-16T00:00:00Z
barcelona,33,2020-02-16T00:00:00Z
biologicalwarfare,33,2020-02-16T00:00:00Z
blocked,33,2020-02-16T00:00:00Z
booked,33,2020-02-16T00:00:00Z
box,33,2020-02-16T00:00:00Z
caroline,33,2020-02-16T00:00:00Z
chrismartenson,33,2020-02-16T00:00:00Z
concert,33,2020-02-16T00:00:00Z
cures,33,2020-02-16T00:00:00Z
davidgura,33,2020-02-16T00:00:00Z
decade,33,2020-02-16T00:00:00Z
determine,33,2020-02-16T00:00:00Z
disruptions,33,2020-02-16T00:00:00Z
dropping,33,2020-02-16T00:00:00Z
elections,33,2020-02-16T00:00:00Z
epidemiologists,33,2020-02-16T00:00:00Z
fr,33,2020-02-16T00:00:00Z
gap,33,2020-02-16T00:00:00Z
gaze,33,2020-02-16T00:00:00Z
grip,33,2020-02-16T00:00:00Z
htommy998,33,2020-02-16T00:00:00Z
hundred,33,2020-02-16T00:00:00Z
implement,33,2020-02-16T00:00:00Z
import,33,2020-02-16T00:00:00Z
included,33,2020-02-16T00:00:00Z
jordansather,33,2020-02-16T00:00:00Z
malaysian,33,2020-02-16T00:00:00Z
muslim,33,2020-02-16T00:00:00Z
narendramodi,33,2020-02-16T00:00:00Z
nasty,33,2020-02-16T00:00:00Z
officers,33,2020-02-16T00:00:00Z
pattern,33,2020-02-16T00:00:00Z
proportion,33,2020-02-16T00:00:00Z
protocol,33,2020-02-16T00:00:00Z
sake,33,2020-02-16T00:00:00Z
sarscov,33,2020-02-16T00:00:00Z
scottgottliebmd,33,2020-02-16T00:00:00Z
stole,33,2020-02-16T00:00:00Z
suppress,33,2020-02-16T00:00:00Z
susceptible,33,2020-02-16T00:00:00Z
throat,33,2020-02-16T00:00:00Z
tickets,33,2020-02-16T00:00:00Z
trains,33,2020-02-16T00:00:00Z
un,33,2020-02-16T00:00:00Z
vanguardngrnews,33,2020-02-16T00:00:00Z
viruscorona,33,2020-02-16T00:00:00Z
voted,33,2020-02-16T00:00:00Z
1300,32,2020-02-16T00:00:00Z
85,32,2020-02-16T00:00:00Z
academy,32,2020-02-16T00:00:00Z
accounts,32,2020-02-16T00:00:00Z
acting,32,2020-02-16T00:00:00Z
advanced,32,2020-02-16T00:00:00Z
anxiety,32,2020-02-16T00:00:00Z
apocalypse,32,2020-02-16T00:00:00Z
birthday,32,2020-02-16T00:00:00Z
breath,32,2020-02-16T00:00:00Z
closes,32,2020-02-16T00:00:00Z
contracts,32,2020-02-16T00:00:00Z
coronavirusrelated,32,2020-02-16T00:00:00Z
corpses,32,2020-02-16T00:00:00Z
covidï½°19,32,2020-02-16T00:00:00Z
declare,32,2020-02-16T00:00:00Z
delaying,32,2020-02-16T00:00:00Z
diamondprincesscruise,32,2020-02-16T00:00:00Z
expecting,32,2020-02-16T00:00:00Z
finished,32,2020-02-16T00:00:00Z
forex,32,2020-02-16T00:00:00Z
green,32,2020-02-16T00:00:00Z
helenbranswell,32,2020-02-16T00:00:00Z
hints,32,2020-02-16T00:00:00Z
houses,32,2020-02-16T00:00:00Z
hysteria,32,2020-02-16T00:00:00Z
ideas,32,2020-02-16T00:00:00Z
industrial,32,2020-02-16T00:00:00Z
inevitable,32,2020-02-16T00:00:00Z
infectiousdisease,32,2020-02-16T00:00:00Z
intentionally,32,2020-02-16T00:00:00Z
losses,32,2020-02-16T00:00:00Z
magnitude,32,2020-02-16T00:00:00Z
managed,32,2020-02-16T00:00:00Z
maui,32,2020-02-16T00:00:00Z
modern,32,2020-02-16T00:00:00Z
monitor,32,2020-02-16T00:00:00Z
nigerian,32,2020-02-16T00:00:00Z
organizers,32,2020-02-16T00:00:00Z
petition,32,2020-02-16T00:00:00Z
pmoindia,32,2020-02-16T00:00:00Z
protects,32,2020-02-16T00:00:00Z
quebec,32,2020-02-16T00:00:00Z
remedies,32,2020-02-16T00:00:00Z
remote,32,2020-02-16T00:00:00Z
resist,32,2020-02-16T00:00:00Z
responsibility,32,2020-02-16T00:00:00Z
se,32,2020-02-16T00:00:00Z
shaking,32,2020-02-16T00:00:00Z
shots,32,2020-02-16T00:00:00Z
spell,32,2020-02-16T00:00:00Z
st,32,2020-02-16T00:00:00Z
stem,32,2020-02-16T00:00:00Z
storms,32,2020-02-16T00:00:00Z
successfully,32,2020-02-16T00:00:00Z
sustained,32,2020-02-16T00:00:00Z
temporary,32,2020-02-16T00:00:00Z
topics,32,2020-02-16T00:00:00Z
towns,32,2020-02-16T00:00:00Z
transportation,32,2020-02-16T00:00:00Z
twoweek,32,2020-02-16T00:00:00Z
villages,32,2020-02-16T00:00:00Z
waits,32,2020-02-16T00:00:00Z
watchdog,32,2020-02-16T00:00:00Z
window,32,2020-02-16T00:00:00Z
wise,32,2020-02-16T00:00:00Z
wuhanclan,32,2020-02-16T00:00:00Z
zhejiang,32,2020-02-16T00:00:00Z
01,31,2020-02-16T00:00:00Z
16th,31,2020-02-16T00:00:00Z
380,31,2020-02-16T00:00:00Z
accent,31,2020-02-16T00:00:00Z
andor,31,2020-02-16T00:00:00Z
answered,31,2020-02-16T00:00:00Z
assessment,31,2020-02-16T00:00:00Z
attend,31,2020-02-16T00:00:00Z
bureau,31,2020-02-16T00:00:00Z
cares,31,2020-02-16T00:00:00Z
carried,31,2020-02-16T00:00:00Z
casts,31,2020-02-16T00:00:00Z
catastrophe,31,2020-02-16T00:00:00Z
club,31,2020-02-16T00:00:00Z
commentary,31,2020-02-16T00:00:00Z
construction,31,2020-02-16T00:00:00Z
counting,31,2020-02-16T00:00:00Z
crash,31,2020-02-16T00:00:00Z
csse,31,2020-02-16T00:00:00Z
defence,31,2020-02-16T00:00:00Z
eightmonthold,31,2020-02-16T00:00:00Z
equipped,31,2020-02-16T00:00:00Z
everyones,31,2020-02-16T00:00:00Z
exact,31,2020-02-16T00:00:00Z
fascinating,31,2020-02-16T00:00:00Z
grassroots,31,2020-02-16T00:00:00Z
guest,31,2020-02-16T00:00:00Z
hair,31,2020-02-16T00:00:00Z
hawaiian,31,2020-02-16T00:00:00Z
huh,31,2020-02-16T00:00:00Z
increasingly,31,2020-02-16T00:00:00Z
justin,31,2020-02-16T00:00:00Z
karma,31,2020-02-16T00:00:00Z
kidney,31,2020-02-16T00:00:00Z
koreas,31,2020-02-16T00:00:00Z
learning,31,2020-02-16T00:00:00Z
location,31,2020-02-16T00:00:00Z
locations,31,2020-02-16T00:00:00Z
lysol,31,2020-02-16T00:00:00Z
methods,31,2020-02-16T00:00:00Z
mired,31,2020-02-16T00:00:00Z
nonessential,31,2020-02-16T00:00:00Z
november,31,2020-02-16T00:00:00Z
odd,31,2020-02-16T00:00:00Z
olympic,31,2020-02-16T00:00:00Z
percentage,31,2020-02-16T00:00:00Z
petri,31,2020-02-16T00:00:00Z
pollution,31,2020-02-16T00:00:00Z
princesscruises,31,2020-02-16T00:00:00Z
procedures,31,2020-02-16T00:00:00Z
prominent,31,2020-02-16T00:00:00Z
pull,31,2020-02-16T00:00:00Z
qiushi,31,2020-02-16T00:00:00Z
queen,31,2020-02-16T00:00:00Z
radiofreetom,31,2020-02-16T00:00:00Z
remove,31,2020-02-16T00:00:00Z
resort,31,2020-02-16T00:00:00Z
retail,31,2020-02-16T00:00:00Z
ride,31,2020-02-16T00:00:00Z
robert,31,2020-02-16T00:00:00Z
robinhanson,31,2020-02-16T00:00:00Z
sa,31,2020-02-16T00:00:00Z
sanitizer,31,2020-02-16T00:00:00Z
simpsons,31,2020-02-16T00:00:00Z
sixth,31,2020-02-16T00:00:00Z
so2,31,2020-02-16T00:00:00Z
spelled,31,2020-02-16T00:00:00Z
spray,31,2020-02-16T00:00:00Z
spreader,31,2020-02-16T00:00:00Z
stages,31,2020-02-16T00:00:00Z
stays,31,2020-02-16T00:00:00Z
strike,31,2020-02-16T00:00:00Z
studio,31,2020-02-16T00:00:00Z
suspicion,31,2020-02-16T00:00:00Z
tackle,31,2020-02-16T00:00:00Z
tbh,31,2020-02-16T00:00:00Z
temperatures,31,2020-02-16T00:00:00Z
tesla,31,2020-02-16T00:00:00Z
traders,31,2020-02-16T00:00:00Z
typical,31,2020-02-16T00:00:00Z
unleashed,31,2020-02-16T00:00:00Z
unnecessary,31,2020-02-16T00:00:00Z
views,31,2020-02-16T00:00:00Z
wion,31,2020-02-16T00:00:00Z
ðŸ‡¹ðŸ‡¼,30,2020-02-16T00:00:00Z
000,30,2020-02-16T00:00:00Z
216,30,2020-02-16T00:00:00Z
350,30,2020-02-16T00:00:00Z
afford,30,2020-02-16T00:00:00Z
americas,30,2020-02-16T00:00:00Z
cabbies,30,2020-02-16T00:00:00Z
conducting,30,2020-02-16T00:00:00Z
critically,30,2020-02-16T00:00:00Z
critics,30,2020-02-16T00:00:00Z
detention,30,2020-02-16T00:00:00Z
diabetes,30,2020-02-16T00:00:00Z
diary,30,2020-02-16T00:00:00Z
dictatorship,30,2020-02-16T00:00:00Z
distinct,30,2020-02-16T00:00:00Z
documentary,30,2020-02-16T00:00:00Z
draw,30,2020-02-16T00:00:00Z
established,30,2020-02-16T00:00:00Z
fyi,30,2020-02-16T00:00:00Z
ghana,30,2020-02-16T00:00:00Z
havoc,30,2020-02-16T00:00:00Z
hurting,30,2020-02-16T00:00:00Z
impacting,30,2020-02-16T00:00:00Z
indoors,30,2020-02-16T00:00:00Z
inform,30,2020-02-16T00:00:00Z
intensive,30,2020-02-16T00:00:00Z
jaketapper,30,2020-02-16T00:00:00Z
jama,30,2020-02-16T00:00:00Z
kms,30,2020-02-16T00:00:00Z
lee,30,2020-02-16T00:00:00Z
literal,30,2020-02-16T00:00:00Z
marking,30,2020-02-16T00:00:00Z
mirror,30,2020-02-16T00:00:00Z
neighbor,30,2020-02-16T00:00:00Z
nowthisnews,30,2020-02-16T00:00:00Z
nz,30,2020-02-16T00:00:00Z
pla,30,2020-02-16T00:00:00Z
primary,30,2020-02-16T00:00:00Z
rebound,30,2020-02-16T00:00:00Z
refusing,30,2020-02-16T00:00:00Z
remaining,30,2020-02-16T00:00:00Z
repatriate,30,2020-02-16T00:00:00Z
repeat,30,2020-02-16T00:00:00Z
repeating,30,2020-02-16T00:00:00Z
researcher,30,2020-02-16T00:00:00Z
rush,30,2020-02-16T00:00:00Z
shift,30,2020-02-16T00:00:00Z
shipped,30,2020-02-16T00:00:00Z
soap,30,2020-02-16T00:00:00Z
socialist,30,2020-02-16T00:00:00Z
standwithhongkong,30,2020-02-16T00:00:00Z
stupidity,30,2020-02-16T00:00:00Z
supports,30,2020-02-16T00:00:00Z
supposedly,30,2020-02-16T00:00:00Z
talked,30,2020-02-16T00:00:00Z
throw,30,2020-02-16T00:00:00Z
transferred,30,2020-02-16T00:00:00Z
trends,30,2020-02-16T00:00:00Z
unlike,30,2020-02-16T00:00:00Z
visitor,30,2020-02-16T00:00:00Z
wonderful,30,2020-02-16T00:00:00Z
xinjiang,30,2020-02-16T00:00:00Z
